"Map","File","Entities","MinX","MinY","MinZ","MaxX","MaxY","MaxZ"
"deus","barbeariaquebradanovaadeus.ymap","73","-2893,5332","1362,91357","46,3790627","-2880,19238","1375,21582","87,00866"
"deus","barnovoquebradaadeus.ymap","47","-2897,44751","1446,89868","60,630455","-2884,36475","1456,08521","89,73782"
"deus","casabombanovaadeus.ymap","67","-2901,2","1425,95","44,3234673","-2889,207","1435,5083","88,66681"
"deus","desmancheqsnovoadeus.ymap","67","-2978,80762","1360,37781","49,3147659","-2902,52368","1420,463","85,9088058"
"deus","igrejanovaadeus.ymap","27","-2892,42749","1476,27832","39,8569145","-2877,822","1495,19507","86,64429"
"deus","lojaroupaquebradaadeus.ymap","34","-2851,42578","1416,55078","71,4904861","-2838,2207","1428,11987","105,837288"
"deus","mercadinhoadeus.ymap","24","-2937,18042","1409,02271","56,8971939","-2921,81274","1424,331","88,94136"
"deus","morrodoadeus.ymap","735","-3017,82422","1321,8125","-30,8332863","-2834,101","1503,075","108,386353"
"deus","padarianovaadues.ymap","73","-2899,72778","1384,13245","46,4822464","-2884,9397","1401,95447","87,51845"
