"Map","Archetype","Hash","Kind","Ytyp","Asset","Texture","Physics","Status"
"chapadao","hash_82C4C6ED","HASH_82C4C6ED","unknown","","","","","native_or_missing"
"chapadao","hash_5866F232","HASH_5866F232","unknown","","","","","native_or_missing"
"chapadao","hash_5A40476A","HASH_5A40476A","unknown","","","","","native_or_missing"
"chapadao","hash_F44F35A1","HASH_F44F35A1","unknown","","","","","native_or_missing"
"chapadao","hash_4A0D64C4","HASH_4A0D64C4","unknown","","","","","native_or_missing"
"chapadao","hash_3EF74E98","HASH_3EF74E98","unknown","","","","","native_or_missing"
"chapadao","hash_2CCAAA3F","HASH_2CCAAA3F","unknown","","","","","native_or_missing"
"chapadao","hash_08DA1C0E","HASH_08DA1C0E","unknown","","","","","native_or_missing"
"chapadao","hash_D71EC202","HASH_D71EC202","unknown","","","","","native_or_missing"
"chapadao","hash_E43D331B","HASH_E43D331B","unknown","","","","","native_or_missing"
"chapadao","hash_6241DCF3","HASH_6241DCF3","unknown","","","","","native_or_missing"
"chapadao","hash_0E1D31E7","HASH_0E1D31E7","unknown","","","","","native_or_missing"
"chapadao","hash_98B1C712","HASH_98B1C712","unknown","","","","","native_or_missing"
"chapadao","hash_4C73B157","HASH_4C73B157","unknown","","","","","native_or_missing"
"chapadao","hash_26F70E3F","HASH_26F70E3F","unknown","","","","","native_or_missing"
"chapadao","hash_4A8AD566","HASH_4A8AD566","unknown","","","","","native_or_missing"
"chapadao","hash_2CE526D0","HASH_2CE526D0","unknown","","","","","native_or_missing"
"chapadao","hash_39DF84E8","HASH_39DF84E8","unknown","","","","","native_or_missing"
"chapadao","hash_4205B433","HASH_4205B433","unknown","","","","","native_or_missing"
"chapadao","hash_E20C911C","HASH_E20C911C","unknown","","","","","native_or_missing"
"chapadao","hash_EFCE304B","HASH_EFCE304B","unknown","","","","","native_or_missing"
"chapadao","hash_E5C31C35","HASH_E5C31C35","unknown","","","","","native_or_missing"
"chapadao","hash_82A355EF","HASH_82A355EF","unknown","","","","","native_or_missing"
"chapadao","hash_9DEE3F1A","HASH_9DEE3F1A","unknown","","","","","native_or_missing"
"chapadao","hash_484B93D6","HASH_484B93D6","unknown","","","","","native_or_missing"
"chapadao","hash_44280AA8","HASH_44280AA8","unknown","","","","","native_or_missing"
"chapadao","hash_BEA0821B","HASH_BEA0821B","unknown","","","","","native_or_missing"
"chapadao","hash_E75F1884","HASH_E75F1884","unknown","","","","","native_or_missing"
"chapadao","hash_330A4ACE","HASH_330A4ACE","unknown","","","","","native_or_missing"
"chapadao","hash_99F1989F","HASH_99F1989F","unknown","","","","","native_or_missing"
"chapadao","hash_AE361B07","HASH_AE361B07","unknown","","","","","native_or_missing"
"chapadao","hash_C19BC1D2","HASH_C19BC1D2","unknown","","","","","native_or_missing"
"chapadao","hash_F2B2E482","HASH_F2B2E482","unknown","","","","","native_or_missing"
"chapadao","hash_1FBD6146","HASH_1FBD6146","unknown","","","","","native_or_missing"
"chapadao","hash_A24CE57E","HASH_A24CE57E","unknown","","","","","native_or_missing"
"chapadao","hash_FE6E928A","HASH_FE6E928A","unknown","","","","","native_or_missing"
"chapadao","hash_096B4BB8","HASH_096B4BB8","unknown","","","","","native_or_missing"
"chapadao","hash_17AAE837","HASH_17AAE837","unknown","","","","","native_or_missing"
"chapadao","hash_5249D40C","HASH_5249D40C","unknown","","","","","native_or_missing"
"chapadao","hash_763EA36A","HASH_763EA36A","unknown","","","","","native_or_missing"
"chapadao","hash_C7C14666","HASH_C7C14666","unknown","","","","","native_or_missing"
"chapadao","hash_9330C917","HASH_9330C917","unknown","","","","","native_or_missing"
"chapadao","hash_EB68A459","HASH_EB68A459","unknown","","","","","native_or_missing"
"chapadao","hash_D5B278E9","HASH_D5B278E9","unknown","","","","","native_or_missing"
"chapadao","hash_E0954F3F","HASH_E0954F3F","unknown","","","","","native_or_missing"
"chapadao","hash_CDE9294B","HASH_CDE9294B","unknown","","","","","native_or_missing"
"chapadao","hash_60A1CF56","HASH_60A1CF56","unknown","","","","","native_or_missing"
"chapadao","hash_B3B7F4E9","HASH_B3B7F4E9","unknown","","","","","native_or_missing"
"chapadao","hash_833BEF92","HASH_833BEF92","unknown","","","","","native_or_missing"
"chapadao","hash_6F81481D","HASH_6F81481D","unknown","","","","","native_or_missing"
"chapadao","hash_B8DADACB","HASH_B8DADACB","unknown","","","","","native_or_missing"
"chapadao","hash_B424DCBD","HASH_B424DCBD","unknown","","","","","native_or_missing"
"chapadao","hash_BA07360D","HASH_BA07360D","unknown","","","","","native_or_missing"
"chapadao","hash_52498B38","HASH_52498B38","unknown","","","","","native_or_missing"
"chapadao","hash_EDF5CD3C","HASH_EDF5CD3C","unknown","","","","","native_or_missing"
"chapadao","hash_7B6E6C4A","HASH_7B6E6C4A","unknown","","","","","native_or_missing"
"chapadao","hash_04D11F2B","HASH_04D11F2B","unknown","","","","","native_or_missing"
"chapadao","hash_EDA770F8","HASH_EDA770F8","unknown","","","","","native_or_missing"
"chapadao","hash_DE2E5E77","HASH_DE2E5E77","unknown","","","","","native_or_missing"
"chapadao","hash_B355B730","HASH_B355B730","unknown","","","","","native_or_missing"
"chapadao","hash_C7867088","HASH_C7867088","unknown","","","","","native_or_missing"
"chapadao","hash_16BF23CD","HASH_16BF23CD","unknown","","","","","native_or_missing"
"chapadao","hash_83A5DD52","HASH_83A5DD52","unknown","","","","","native_or_missing"
"chapadao","hash_E1A155E2","HASH_E1A155E2","unknown","","","","","native_or_missing"
"chapadao","hash_EF3FF11F","HASH_EF3FF11F","unknown","","","","","native_or_missing"
"chapadao","hash_D2D23844","HASH_D2D23844","unknown","","","","","native_or_missing"
"chapadao","hash_250A3330","HASH_250A3330","unknown","","","","","native_or_missing"
"chapadao","hash_DEBB40C5","HASH_DEBB40C5","unknown","","","","","native_or_missing"
"chapadao","hash_E67C1F89","HASH_E67C1F89","unknown","","","","","native_or_missing"
"chapadao","hash_875C2079","HASH_875C2079","unknown","","","","","native_or_missing"
"chapadao","hash_EF4A7058","HASH_EF4A7058","unknown","","","","","native_or_missing"
"chapadao","hash_B12217B3","HASH_B12217B3","unknown","","","","","native_or_missing"
"chapadao","hash_183B2223","HASH_183B2223","unknown","","","","","native_or_missing"
"chapadao","hash_A0037EA2","HASH_A0037EA2","unknown","","","","","native_or_missing"
"chapadao","hash_40BE41D1","HASH_40BE41D1","unknown","","","","","native_or_missing"
"chapadao","hash_3DBD3082","HASH_3DBD3082","unknown","","","","","native_or_missing"
"chapadao","hash_20B56CBC","HASH_20B56CBC","unknown","","","","","native_or_missing"
"chapadao","hash_5DB72489","HASH_5DB72489","unknown","","","","","native_or_missing"
"chapadao","hash_FD37DA8B","HASH_FD37DA8B","direct","","[ydr]\casa66vb.ydr","","","matched"
"chapadao","hash_FD37DA8B","HASH_FD37DA8B","Drawable","[ydr]\barracoqs10.ytyp","hash_FD37DA8B","hash_29E5B098","hash_FD37DA8B","defined"
"chapadao","hash_EB3EB1C0","HASH_EB3EB1C0","direct","","[ydr]\quebradashop63.ydr","","","matched"
"chapadao","hash_EB3EB1C0","HASH_EB3EB1C0","Drawable","[ytyp]\favela_quebradashop.ytyp","hash_EB3EB1C0","hash_5BD1F89C","hash_EB3EB1C0","defined"
"chapadao","hash_4563E4E1","HASH_4563E4E1","direct","","[ydr]\quebradashop51.ydr","","","matched"
"chapadao","hash_4563E4E1","HASH_4563E4E1","Drawable","[ytyp]\favela_quebradashop.ytyp","hash_4563E4E1","hash_DAC99FC2","hash_4563E4E1","defined"
"chapadao","hash_097A885D","HASH_097A885D","direct","","[ydr]\quebradashop57a.ydr","","","matched"
"chapadao","hash_097A885D","HASH_097A885D","Drawable","[ytyp]\favela_quebradashop.ytyp","hash_097A885D","hash_29E5B098","hash_097A885D","defined"
"chapadao","hash_7168BD32","HASH_7168BD32","direct","","[ydr]\quebradashop59.ydr","","","matched"
"chapadao","hash_7168BD32","HASH_7168BD32","Drawable","[ytyp]\favela_quebradashop.ytyp","hash_7168BD32","hash_29E5B098","hash_7168BD32","defined"
"chapadao","hash_03B2501E","HASH_03B2501E","direct","","[ydr]\casa85vb.ydr","","","matched"
"chapadao","hash_03B2501E","HASH_03B2501E","Drawable","[ydr]\barracoqs10.ytyp","hash_03B2501E","hash_29E5B098","hash_03B2501E","defined"
"chapadao","hash_E11C9D7C","HASH_E11C9D7C","direct","","[ydr]\quebradashop62.ydr","","","matched"
"chapadao","hash_E11C9D7C","HASH_E11C9D7C","Drawable","[ytyp]\favela_quebradashop.ytyp","hash_E11C9D7C","hash_5BD1F89C","hash_E11C9D7C","defined"
"chapadao","hash_82147CF5","HASH_82147CF5","direct","","[ydr]\comercio14vb.ydr","","","matched"
"chapadao","hash_82147CF5","HASH_82147CF5","Drawable","[ydr]\barracoqs10.ytyp","hash_82147CF5","hash_29E5B098","hash_82147CF5","defined"
"chapadao","hash_8335C6E2","HASH_8335C6E2","direct","","[ydr]\comercio16vb.ydr","","","matched"
"chapadao","hash_8335C6E2","HASH_8335C6E2","Drawable","[ydr]\barracoqs10.ytyp","hash_8335C6E2","hash_29E5B098","hash_8335C6E2","defined"
"chapadao","hash_63F9FB29","HASH_63F9FB29","direct","","[ydr]\1quebradashop_predinho2.ydr","","","matched"
"chapadao","hash_63F9FB29","HASH_63F9FB29","Drawable","[ytyp]\favela_quebradashop.ytyp","hash_63F9FB29","hash_29E5B098","hash_63F9FB29","defined"
"chapadao","hash_A71E6B61","HASH_A71E6B61","direct","","[ydr]\predinho12vb.ydr","","","matched"
"chapadao","hash_A71E6B61","HASH_A71E6B61","Drawable","[ydr]\barracoqs10.ytyp","hash_A71E6B61","hash_B77608F1","hash_A71E6B61","defined"
"chapadao","hash_4181E6F1","HASH_4181E6F1","direct","","[ydr]\predinho12vb1.ydr","","","matched"
"chapadao","hash_4181E6F1","HASH_4181E6F1","Drawable","[ydr]\barracoqs10.ytyp","hash_4181E6F1","hash_B77608F1","hash_4181E6F1","defined"
"chapadao","hash_897EF6EA","HASH_897EF6EA","direct","","[ydr]\predinho12vb2.ydr","","","matched"
"chapadao","hash_897EF6EA","HASH_897EF6EA","Drawable","[ydr]\barracoqs10.ytyp","hash_897EF6EA","hash_B77608F1","hash_897EF6EA","defined"
"chapadao","hash_5AC59978","HASH_5AC59978","direct","","[ydr]\predinho12vb3.ydr","","","matched"
"chapadao","hash_5AC59978","HASH_5AC59978","Drawable","[ydr]\barracoqs10.ytyp","hash_5AC59978","hash_B77608F1","hash_5AC59978","defined"
"chapadao","hash_FFE2258D","HASH_FFE2258D","direct","","[ydr]\casa92vb.ydr","","","matched"
"chapadao","hash_FFE2258D","HASH_FFE2258D","Drawable","[ydr]\barracoqs10.ytyp","hash_FFE2258D","hash_29E5B098","hash_FFE2258D","defined"
"chapadao","hash_018BA7A9","HASH_018BA7A9","direct","","[ydr]\casa91vb.ydr","","","matched"
"chapadao","hash_018BA7A9","HASH_018BA7A9","Drawable","[ydr]\barracoqs10.ytyp","hash_018BA7A9","hash_29E5B098","hash_018BA7A9","defined"
"chapadao","hash_0658DF2E","HASH_0658DF2E","direct","","[ydr]\qsbarraco84a.ydr","","","matched"
"chapadao","hash_0658DF2E","HASH_0658DF2E","Drawable","[ytyp]\cs_hlun_lod.ytyp","hash_0658DF2E","hash_DAC99FC2","hash_0658DF2E","defined"
"chapadao","hash_02587B10","HASH_02587B10","direct","","[ydr]\casa119vb.ydr","","","matched"
"chapadao","hash_02587B10","HASH_02587B10","Drawable","[ydr]\barracoqs10.ytyp","hash_02587B10","hash_29E5B098","hash_02587B10","defined"
"chapadao","hash_BA4A4AE0","HASH_BA4A4AE0","direct","","[ydr]\comercio10vb.ydr","","","matched"
"chapadao","hash_BA4A4AE0","HASH_BA4A4AE0","Drawable","[ydr]\barracoqs10.ytyp","hash_BA4A4AE0","hash_29E5B098","hash_BA4A4AE0","defined"
"chapadao","hash_BBD45210","HASH_BBD45210","direct","","[ydr]\quebradashop58.ydr","","","matched"
"chapadao","hash_BBD45210","HASH_BBD45210","Drawable","[ytyp]\favela_quebradashop.ytyp","hash_BBD45210","hash_29E5B098","hash_BBD45210","defined"
"chapadao","hash_5AB33561","HASH_5AB33561","direct","","[ydr]\qs_escada4.ydr","","","matched"
"chapadao","hash_5AB33561","HASH_5AB33561","Drawable","[ytyp]\cs_hlun_lod.ytyp","hash_5AB33561","hash_5BD1F89C","hash_5AB33561","defined"
"chapadao","hash_EF40DE7E","HASH_EF40DE7E","direct","","[ydr]\qs_escada2.ydr","","","matched"
"chapadao","hash_EF40DE7E","HASH_EF40DE7E","Drawable","[ytyp]\cs_hlun_lod.ytyp","hash_EF40DE7E","hash_5BD1F89C","hash_EF40DE7E","defined"
"chapadao","hash_6C6E58D7","HASH_6C6E58D7","direct","","[ydr]\qs_escada3.ydr","","","matched"
"chapadao","hash_6C6E58D7","HASH_6C6E58D7","Drawable","[ytyp]\cs_hlun_lod.ytyp","hash_6C6E58D7","hash_5BD1F89C","hash_6C6E58D7","defined"
"chapadao","hash_69D5611D","HASH_69D5611D","direct","","[ydr]\basevb9.ydr","","","matched"
"chapadao","hash_69D5611D","HASH_69D5611D","Drawable","[ydr]\barracoqs10.ytyp","hash_69D5611D","hash_29E5B098","hash_69D5611D","defined"
"chapadao","hash_C6A6D35F","HASH_C6A6D35F","direct","","[ydr]\qsbarraco37a.ydr","","","matched"
"chapadao","hash_C6A6D35F","HASH_C6A6D35F","Drawable","[ytyp]\cs_hlun_lod.ytyp","hash_C6A6D35F","hash_DAC99FC2","hash_C6A6D35F","defined"
"chapadao","hash_D79C4412","HASH_D79C4412","direct","","[ydr]\quebradashopmurograde.ydr","","","matched"
"chapadao","hash_D79C4412","HASH_D79C4412","Drawable","[ytyp]\cs_hlun_lod.ytyp","hash_D79C4412","hash_5BD1F89C","hash_D79C4412","defined"
"chapadao","hash_D99E1120","HASH_D99E1120","direct","","[ydr]\quebradashop63a.ydr","","","matched"
"chapadao","hash_D99E1120","HASH_D99E1120","Drawable","[ytyp]\favela_quebradashop.ytyp","hash_D99E1120","hash_29E5B098","hash_D99E1120","defined"
"chapadao","hash_BCC999B0","HASH_BCC999B0","direct","","[ydr]\qsbarraco57b.ydr","","","matched"
"chapadao","hash_BCC999B0","HASH_BCC999B0","Drawable","[ytyp]\cs_hlun_lod.ytyp","hash_BCC999B0","hash_DAC99FC2","hash_BCC999B0","defined"
"chapadao","hash_4A7950A6","HASH_4A7950A6","direct","","[ydr]\casa108vb.ydr","","","matched"
"chapadao","hash_4A7950A6","HASH_4A7950A6","Drawable","[ydr]\barracoqs10.ytyp","hash_4A7950A6","hash_29E5B098","hash_4A7950A6","defined"
"chapadao","hash_BBC3751E","HASH_BBC3751E","direct","","[ydr]\casa101vb.ydr","","","matched"
"chapadao","hash_BBC3751E","HASH_BBC3751E","Drawable","[ydr]\barracoqs10.ytyp","hash_BBC3751E","hash_29E5B098","hash_BBC3751E","defined"
"chapadao","hash_78CCE0F8","HASH_78CCE0F8","direct","","[ydr]\casa133vb.ydr","","","matched"
"chapadao","hash_78CCE0F8","HASH_78CCE0F8","Drawable","[ydr]\barracoqs10.ytyp","hash_78CCE0F8","hash_29E5B098","hash_78CCE0F8","defined"
"chapadao","hash_35E9B61E","HASH_35E9B61E","direct","","[ydr]\casa62vb.ydr","","","matched"
"chapadao","hash_35E9B61E","HASH_35E9B61E","Drawable","[ydr]\barracoqs10.ytyp","hash_35E9B61E","hash_29E5B098","hash_35E9B61E","defined"
"chapadao","hash_D8F927D9","HASH_D8F927D9","direct","","[ydr]\casa65vb.ydr","","","matched"
"chapadao","hash_D8F927D9","HASH_D8F927D9","Drawable","[ydr]\barracoqs10.ytyp","hash_D8F927D9","hash_29E5B098","hash_D8F927D9","defined"
"chapadao","hash_7BE40C07","HASH_7BE40C07","direct","","[ydr]\casa107vb.ydr","","","matched"
"chapadao","hash_7BE40C07","HASH_7BE40C07","Drawable","[ydr]\barracoqs10.ytyp","hash_7BE40C07","hash_29E5B098","hash_7BE40C07","defined"
"chapadao","hash_AA591D08","HASH_AA591D08","direct","","[ydr]\qsbarraco39b.ydr","","","matched"
"chapadao","hash_AA591D08","HASH_AA591D08","Drawable","[ytyp]\cs_hlun_lod.ytyp","hash_AA591D08","hash_DAC99FC2","hash_AA591D08","defined"
"chapadao","hash_69522829","HASH_69522829","direct","","[ydr]\quebradashop14.ydr","","","matched"
"chapadao","hash_69522829","HASH_69522829","Drawable","[ytyp]\favela_quebradashop.ytyp","hash_69522829","hash_5BD1F89C","hash_69522829","defined"
"chapadao","hash_32D709FB","HASH_32D709FB","direct","","[ydr]\casa156vb.ydr","","","matched"
"chapadao","hash_32D709FB","HASH_32D709FB","Drawable","[ydr]\barracoqs10.ytyp","hash_32D709FB","hash_29E5B098","hash_32D709FB","defined"
"chapadao","hash_96993008","HASH_96993008","direct","","[ydr]\qs28d.ydr","","","matched"
"chapadao","hash_96993008","HASH_96993008","Drawable","[ytyp]\cs_hlun_lod.ytyp","hash_96993008","hash_DAC99FC2","hash_96993008","defined"
"chapadao","hash_4D63C56D","HASH_4D63C56D","direct","","[ydr]\quebradashop1.ydr","","","matched"
"chapadao","hash_4D63C56D","HASH_4D63C56D","Drawable","[ytyp]\favela_quebradashop.ytyp","hash_4D63C56D","hash_DAC99FC2","hash_4D63C56D","defined"
"chapadao","hash_E8E69AA1","HASH_E8E69AA1","direct","","[ydr]\quebradashop60a.ydr","","","matched"
"chapadao","hash_E8E69AA1","HASH_E8E69AA1","Drawable","[ytyp]\favela_quebradashop.ytyp","hash_E8E69AA1","hash_29E5B098","hash_E8E69AA1","defined"
"chapadao","hash_4247668B","HASH_4247668B","direct","","[ydr]\quebradashop13b.ydr","","","matched"
"chapadao","hash_4247668B","HASH_4247668B","Drawable","[ytyp]\favela_quebradashop.ytyp","hash_4247668B","hash_29E5B098","hash_4247668B","defined"
"chapadao","hash_A3C0D9B9","HASH_A3C0D9B9","direct","","[ydr]\qs44a.ydr","","","matched"
"chapadao","hash_A3C0D9B9","HASH_A3C0D9B9","Drawable","[ytyp]\cs_hlun_lod.ytyp","hash_A3C0D9B9","hash_DAC99FC2","hash_A3C0D9B9","defined"
"chapadao","hash_CEB4381D","HASH_CEB4381D","direct","","[ydr]\qsbarraco52b.ydr","","","matched"
"chapadao","hash_CEB4381D","HASH_CEB4381D","Drawable","[ytyp]\cs_hlun_lod.ytyp","hash_CEB4381D","hash_DAC99FC2","hash_CEB4381D","defined"
"chapadao","hash_026ACFD0","HASH_026ACFD0","direct","","[ydr]\casa122vb.ydr","","","matched"
"chapadao","hash_026ACFD0","HASH_026ACFD0","Drawable","[ydr]\barracoqs10.ytyp","hash_026ACFD0","hash_29E5B098","hash_026ACFD0","defined"
"chapadao","hash_910A24F9","HASH_910A24F9","direct","","[ydr]\casa132vb.ydr","","","matched"
"chapadao","hash_910A24F9","HASH_910A24F9","Drawable","[ydr]\barracoqs10.ytyp","hash_910A24F9","hash_29E5B098","hash_910A24F9","defined"
"chapadao","hash_A9B6BA66","HASH_A9B6BA66","direct","","[ydr]\casa151vb.ydr","","","matched"
"chapadao","hash_A9B6BA66","HASH_A9B6BA66","Drawable","[ydr]\barracoqs10.ytyp","hash_A9B6BA66","hash_29E5B098","hash_A9B6BA66","defined"
"chapadao","hash_1D489733","HASH_1D489733","direct","","[ydr]\quebradashop37.ydr","","","matched"
"chapadao","hash_1D489733","HASH_1D489733","Drawable","[ytyp]\favela_quebradashop.ytyp","hash_1D489733","hash_DAC99FC2","hash_1D489733","defined"
"chapadao","hash_21FAC637","HASH_21FAC637","direct","","[ydr]\quebradashop8f.ydr","","","matched"
"chapadao","hash_21FAC637","HASH_21FAC637","Drawable","[ytyp]\favela_quebradashop.ytyp","hash_21FAC637","hash_5BD1F89C","hash_21FAC637","defined"
"chapadao","hash_AC47724C","HASH_AC47724C","direct","","[ydr]\qs25.ydr","","","matched"
"chapadao","hash_AC47724C","HASH_AC47724C","Drawable","[ytyp]\cs_hlun_lod.ytyp","hash_AC47724C","hash_DAC99FC2","hash_AC47724C","defined"
"chapadao","hash_22179E39","HASH_22179E39","direct","","[ydr]\quebradashop5g.ydr","","","matched"
"chapadao","hash_22179E39","HASH_22179E39","Drawable","[ytyp]\favela_quebradashop.ytyp","hash_22179E39","hash_DAC99FC2","hash_22179E39","defined"
"chapadao","hash_2CE93784","HASH_2CE93784","direct","","[ydr]\quebradashop40.ydr","","","matched"
"chapadao","hash_2CE93784","HASH_2CE93784","Drawable","[ytyp]\favela_quebradashop.ytyp","hash_2CE93784","hash_DAC99FC2","hash_2CE93784","defined"
"chapadao","hash_CB34C84B","HASH_CB34C84B","direct","","[ydr]\qs_escada4a.ydr","","","matched"
"chapadao","hash_CB34C84B","HASH_CB34C84B","Drawable","[ytyp]\cs_hlun_lod.ytyp","hash_CB34C84B","hash_5BD1F89C","hash_CB34C84B","defined"
"chapadao","hash_1FA5BE55","HASH_1FA5BE55","direct","","[ydr]\escada_02.ydr","","","matched"
"chapadao","hash_1FA5BE55","HASH_1FA5BE55","Drawable","[ytyp]\cs_hlun_lod.ytyp","hash_1FA5BE55","props","","defined"
"chapadao","hash_581A8DB6","HASH_581A8DB6","direct","","[ydr]\quebradashop45.ydr","","","matched"
"chapadao","hash_581A8DB6","HASH_581A8DB6","Drawable","[ytyp]\favela_quebradashop.ytyp","hash_581A8DB6","hash_DAC99FC2","hash_581A8DB6","defined"
"chapadao","hash_1EE39B49","HASH_1EE39B49","direct","","[ydr]\quebradashop48.ydr","","","matched"
"chapadao","hash_1EE39B49","HASH_1EE39B49","Drawable","[ytyp]\favela_quebradashop.ytyp","hash_1EE39B49","hash_DAC99FC2","hash_1EE39B49","defined"
"chapadao","hash_DFD47A70","HASH_DFD47A70","direct","","[ydr]\casa63vb.ydr","","","matched"
"chapadao","hash_DFD47A70","HASH_DFD47A70","Drawable","[ydr]\barracoqs10.ytyp","hash_DFD47A70","hash_29E5B098","hash_DFD47A70","defined"
"chapadao","hash_171BF68C","HASH_171BF68C","direct","","[ydr]\qsbarraco39a.ydr","","","matched"
"chapadao","hash_171BF68C","HASH_171BF68C","Drawable","[ytyp]\cs_hlun_lod.ytyp","hash_171BF68C","hash_DAC99FC2","hash_171BF68C","defined"
"chapadao","hash_FAAE5AA6","HASH_FAAE5AA6","direct","","[ydr]\quebradashop12f.ydr","","","matched"
"chapadao","hash_FAAE5AA6","HASH_FAAE5AA6","Drawable","[ytyp]\favela_quebradashop.ytyp","hash_FAAE5AA6","hash_5BD1F89C","hash_FAAE5AA6","defined"
"chapadao","hash_942C9E1B","HASH_942C9E1B","direct","","[ydr]\qsgrade.ydr","","","matched"
"chapadao","hash_942C9E1B","HASH_942C9E1B","Drawable","[ytyp]\cs_hlun_lod.ytyp","hash_942C9E1B","hash_DAC99FC2","hash_942C9E1B","defined"
"chapadao","hash_977282C9","HASH_977282C9","direct","","[ydr]\qsgrade3.ydr","","","matched"
"chapadao","hash_977282C9","HASH_977282C9","Drawable","[ytyp]\cs_hlun_lod.ytyp","hash_977282C9","hash_DAC99FC2","hash_977282C9","defined"
"chapadao","hash_A0F695EE","HASH_A0F695EE","direct","","[ydr]\casa54vb.ydr","","","matched"
"chapadao","hash_A0F695EE","HASH_A0F695EE","Drawable","[ydr]\barracoqs10.ytyp","hash_A0F695EE","hash_29E5B098","hash_A0F695EE","defined"
"chapadao","hash_66813155","HASH_66813155","direct","","[ydr]\quebradashop56a.ydr","","","matched"
"chapadao","hash_66813155","HASH_66813155","Drawable","[ytyp]\favela_quebradashop.ytyp","hash_66813155","hash_29E5B098","hash_66813155","defined"
"chapadao","hash_DA5A8233","HASH_DA5A8233","direct","","[ydr]\casa102vb.ydr","","","matched"
"chapadao","hash_DA5A8233","HASH_DA5A8233","Drawable","[ydr]\barracoqs10.ytyp","hash_DA5A8233","hash_29E5B098","hash_DA5A8233","defined"
"chapadao","hash_4C202068","HASH_4C202068","direct","","[ydr]\qsmurinho02.ydr","","","matched"
"chapadao","hash_4C202068","HASH_4C202068","Drawable","[ytyp]\favela_quebradashop.ytyp","hash_4C202068","hash_29E5B098","hash_4C202068","defined"
"chapadao","hash_39A07B65","HASH_39A07B65","direct","","[ydr]\qsmurinho00.ydr","","","matched"
"chapadao","hash_39A07B65","HASH_39A07B65","Drawable","[ytyp]\favela_quebradashop.ytyp","hash_39A07B65","hash_29E5B098","hash_39A07B65","defined"
"chapadao","hash_4C366EFE","HASH_4C366EFE","direct","","[ydr]\quebradashop2g.ydr","","","matched"
"chapadao","hash_4C366EFE","HASH_4C366EFE","Drawable","[ytyp]\favela_quebradashop.ytyp","hash_4C366EFE","hash_DAC99FC2","hash_4C366EFE","defined"
"chapadao","hash_A28B0723","HASH_A28B0723","direct","","[ydr]\qsbarraco30a.ydr","","","matched"
"chapadao","hash_A28B0723","HASH_A28B0723","Drawable","[ytyp]\cs_hlun_lod.ytyp","hash_A28B0723","hash_DAC99FC2","hash_A28B0723","defined"
"chapadao","hash_40F240ED","HASH_40F240ED","direct","","[ydr]\qsbarraco74b.ydr","","","matched"
"chapadao","hash_40F240ED","HASH_40F240ED","Drawable","[ytyp]\cs_hlun_lod.ytyp","hash_40F240ED","hash_DAC99FC2","hash_40F240ED","defined"
"chapadao","hash_3CC328D2","HASH_3CC328D2","direct","","[ydr]\qsbarraco81c.ydr","","","matched"
"chapadao","hash_3CC328D2","HASH_3CC328D2","Drawable","[ytyp]\cs_hlun_lod.ytyp","hash_3CC328D2","hash_DAC99FC2","hash_3CC328D2","defined"
"chapadao","hash_60C2675B","HASH_60C2675B","direct","","[ydr]\qsbarraco58c.ydr","","","matched"
"chapadao","hash_60C2675B","HASH_60C2675B","Drawable","[ytyp]\cs_hlun_lod.ytyp","hash_60C2675B","hash_DAC99FC2","hash_60C2675B","defined"
"chapadao","hash_751EAA65","HASH_751EAA65","direct","","[ydr]\qsbarraco75d.ydr","","","matched"
"chapadao","hash_751EAA65","HASH_751EAA65","Drawable","[ytyp]\cs_hlun_lod.ytyp","hash_751EAA65","hash_29E5B098","hash_751EAA65","defined"
"chapadao","hash_60357F73","HASH_60357F73","direct","","[ydr]\qsbarraco74a.ydr","","","matched"
"chapadao","hash_60357F73","HASH_60357F73","Drawable","[ytyp]\cs_hlun_lod.ytyp","hash_60357F73","hash_DAC99FC2","hash_60357F73","defined"
"chapadao","hash_6007D244","HASH_6007D244","direct","","[ydr]\qs44m.ydr","","","matched"
"chapadao","hash_6007D244","HASH_6007D244","Drawable","[ytyp]\cs_hlun_lod.ytyp","hash_6007D244","hash_DAC99FC2","hash_6007D244","defined"
"chapadao","hash_C5B8ADD8","HASH_C5B8ADD8","direct","","[ydr]\comercio6vb.ydr","","","matched"
"chapadao","hash_C5B8ADD8","HASH_C5B8ADD8","Drawable","[ydr]\barracoqs10.ytyp","hash_C5B8ADD8","hash_29E5B098","hash_C5B8ADD8","defined"
"chapadao","hash_B003B3D4","HASH_B003B3D4","direct","","[ydr]\quadra3_muro.ydr","","","matched"
"chapadao","hash_B003B3D4","HASH_B003B3D4","Drawable","[ydr]\barracoqs10.ytyp","hash_B003B3D4","hash_CBC6FBD3","hash_B003B3D4","defined"
"chapadao","hash_53B05517","HASH_53B05517","direct","","[ydr]\quebradashop_quadra5.ydr","","","matched"
"chapadao","hash_53B05517","HASH_53B05517","Drawable","[ytyp]\favela_quebradashop.ytyp","hash_53B05517","hash_6A53D78D","hash_53B05517","defined"
"chapadao","hash_3CB7FD18","HASH_3CB7FD18","direct","","[ydr]\quebradashop_quadra5detail.ydr","","","matched"
"chapadao","hash_3CB7FD18","HASH_3CB7FD18","Drawable","[ytyp]\favela_quebradashop.ytyp","hash_3CB7FD18","hash_E2A0EDB7","hash_3CB7FD18","defined"
"chapadao","hash_F80FD4D2","HASH_F80FD4D2","direct","","[ydr]\casa150vb.ydr","","","matched"
"chapadao","hash_F80FD4D2","HASH_F80FD4D2","Drawable","[ydr]\barracoqs10.ytyp","hash_F80FD4D2","hash_29E5B098","hash_F80FD4D2","defined"
"chapadao","hash_F1D9AA98","HASH_F1D9AA98","direct","","[ydr]\casa99vb.ydr","","","matched"
"chapadao","hash_F1D9AA98","HASH_F1D9AA98","Drawable","[ydr]\barracoqs10.ytyp","hash_F1D9AA98","hash_29E5B098","hash_F1D9AA98","defined"
"chapadao","hash_813A95FF","HASH_813A95FF","direct","","[ydr]\qs52.ydr","","","matched"
"chapadao","hash_813A95FF","HASH_813A95FF","Drawable","[ytyp]\cs_hlun_lod.ytyp","hash_813A95FF","hash_DAC99FC2","hash_813A95FF","defined"
"chapadao","hash_183C687A","HASH_183C687A","direct","","[ydr]\casa104vb.ydr","","","matched"
"chapadao","hash_183C687A","HASH_183C687A","Drawable","[ydr]\barracoqs10.ytyp","hash_183C687A","hash_29E5B098","hash_183C687A","defined"
"chapadao","hash_AD1CFA57","HASH_AD1CFA57","direct","","[ydr]\qsbarraco57c.ydr","","","matched"
"chapadao","hash_AD1CFA57","HASH_AD1CFA57","Drawable","[ytyp]\cs_hlun_lod.ytyp","hash_AD1CFA57","hash_DAC99FC2","hash_AD1CFA57","defined"
"chapadao","hash_79073630","HASH_79073630","direct","","[ydr]\casa103vba.ydr","","","matched"
"chapadao","hash_79073630","HASH_79073630","Drawable","[ydr]\barracoqs10.ytyp","hash_79073630","hash_29E5B098","hash_79073630","defined"
"chapadao","hash_6F073AAF","HASH_6F073AAF","direct","","[ydr]\quebradashop38.ydr","","","matched"
"chapadao","hash_6F073AAF","HASH_6F073AAF","Drawable","[ytyp]\favela_quebradashop.ytyp","hash_6F073AAF","hash_DAC99FC2","hash_6F073AAF","defined"
"chapadao","hash_0A0B69A1","HASH_0A0B69A1","direct","","[ydr]\quebradashop1e.ydr","","","matched"
"chapadao","hash_0A0B69A1","HASH_0A0B69A1","Drawable","[ytyp]\favela_quebradashop.ytyp","hash_0A0B69A1","hash_5BD1F89C","hash_0A0B69A1","defined"
"chapadao","hash_449A0435","HASH_449A0435","direct","","[ydr]\casa109vb.ydr","","","matched"
"chapadao","hash_449A0435","HASH_449A0435","Drawable","[ydr]\barracoqs10.ytyp","hash_449A0435","hash_29E5B098","hash_449A0435","defined"
"chapadao","hash_64DF0D91","HASH_64DF0D91","direct","","[ydr]\qsbarraco35a.ydr","","","matched"
"chapadao","hash_64DF0D91","HASH_64DF0D91","Drawable","[ytyp]\cs_hlun_lod.ytyp","hash_64DF0D91","hash_DAC99FC2","hash_64DF0D91","defined"
"chapadao","hash_4AB3DA42","HASH_4AB3DA42","direct","","[ydr]\qsbarraco53.ydr","","","matched"
"chapadao","hash_4AB3DA42","HASH_4AB3DA42","Drawable","[ytyp]\cs_hlun_lod.ytyp","hash_4AB3DA42","hash_DAC99FC2","hash_4AB3DA42","defined"
"chapadao","hash_D82F41EF","HASH_D82F41EF","direct","","[ydr]\casa100vb.ydr","","","matched"
"chapadao","hash_D82F41EF","HASH_D82F41EF","Drawable","[ydr]\barracoqs10.ytyp","hash_D82F41EF","hash_29E5B098","hash_D82F41EF","defined"
"chapadao","hash_9C645E9E","HASH_9C645E9E","direct","","[ydr]\qsbarraco58a.ydr","","","matched"
"chapadao","hash_9C645E9E","HASH_9C645E9E","Drawable","[ytyp]\cs_hlun_lod.ytyp","hash_9C645E9E","hash_DAC99FC2","hash_9C645E9E","defined"
"chapadao","hash_54DD1196","HASH_54DD1196","unknown","","","","","native_or_missing"
"chapadao","hash_54B62149","HASH_54B62149","direct","","[ydr]\predinhovb2.ydr","","","matched"
"chapadao","hash_54B62149","HASH_54B62149","Drawable","[ydr]\barracoqs10.ytyp","hash_54B62149","hash_B77608F1","hash_54B62149","defined"
"chapadao","hash_13040022","HASH_13040022","direct","","[ydr]\quebradashop50.ydr","","","matched"
"chapadao","hash_13040022","HASH_13040022","Drawable","[ytyp]\favela_quebradashop.ytyp","hash_13040022","hash_DAC99FC2","hash_13040022","defined"
"chapadao","hash_C64F675E","HASH_C64F675E","direct","","[ydr]\predinhovb2a.ydr","","","matched"
"chapadao","hash_C64F675E","HASH_C64F675E","Drawable","[ydr]\barracoqs10.ytyp","hash_C64F675E","hash_B77608F1","hash_C64F675E","defined"
"chapadao","hash_DEB89828","HASH_DEB89828","direct","","[ydr]\predinhovb2b.ydr","","","matched"
"chapadao","hash_DEB89828","HASH_DEB89828","Drawable","[ydr]\barracoqs10.ytyp","hash_DEB89828","hash_B77608F1","hash_DEB89828","defined"
"chapadao","hash_E580A5B8","HASH_E580A5B8","direct","","[ydr]\predinhovb2c.ydr","","","matched"
"chapadao","hash_E580A5B8","HASH_E580A5B8","Drawable","[ydr]\barracoqs10.ytyp","hash_E580A5B8","hash_B77608F1","hash_E580A5B8","defined"
"chapadao","hash_AEFBA398","HASH_AEFBA398","direct","","[ydr]\quebradashop65a.ydr","","","matched"
"chapadao","hash_AEFBA398","HASH_AEFBA398","Drawable","[ytyp]\favela_quebradashop.ytyp","hash_AEFBA398","hash_29E5B098","hash_AEFBA398","defined"
"chapadao","hash_06513BD7","HASH_06513BD7","direct","","[ydr]\qsbarraco81b.ydr","","","matched"
"chapadao","hash_06513BD7","HASH_06513BD7","Drawable","[ytyp]\cs_hlun_lod.ytyp","hash_06513BD7","hash_DAC99FC2","hash_06513BD7","defined"
"chapadao","hash_88DCC707","HASH_88DCC707","direct","","[ydr]\qsbarraco30.ydr","","","matched"
"chapadao","hash_88DCC707","HASH_88DCC707","Drawable","[ytyp]\cs_hlun_lod.ytyp","hash_88DCC707","hash_DAC99FC2","hash_88DCC707","defined"
"chapadao","hash_343FC289","HASH_343FC289","direct","","[ydr]\quebradashop5f.ydr","","","matched"
"chapadao","hash_343FC289","HASH_343FC289","Drawable","[ytyp]\favela_quebradashop.ytyp","hash_343FC289","hash_DAC99FC2","hash_343FC289","defined"
"chapadao","hash_5F71B701","HASH_5F71B701","direct","","[ydr]\casa129vba.ydr","","","matched"
"chapadao","hash_5F71B701","HASH_5F71B701","Drawable","[ydr]\barracoqs10.ytyp","hash_5F71B701","hash_29E5B098","hash_5F71B701","defined"
"chapadao","hash_F05A4625","HASH_F05A4625","direct","","[ydr]\quebradashop59a.ydr","","","matched"
"chapadao","hash_F05A4625","HASH_F05A4625","Drawable","[ytyp]\favela_quebradashop.ytyp","hash_F05A4625","hash_29E5B098","hash_F05A4625","defined"
"chapadao","hash_D505FF97","HASH_D505FF97","direct","","[ydr]\quebradashop1a.ydr","","","matched"
"chapadao","hash_D505FF97","HASH_D505FF97","Drawable","[ytyp]\favela_quebradashop.ytyp","hash_D505FF97","hash_29E5B098","hash_D505FF97","defined"
"chapadao","hash_F294B90C","HASH_F294B90C","direct","","[ydr]\qsgrade1.ydr","","","matched"
"chapadao","hash_F294B90C","HASH_F294B90C","Drawable","[ytyp]\cs_hlun_lod.ytyp","hash_F294B90C","hash_DAC99FC2","hash_F294B90C","defined"
"chapadao","hash_A3E9E28D","HASH_A3E9E28D","direct","","[ydr]\qsbarraco52e.ydr","","","matched"
"chapadao","hash_A3E9E28D","HASH_A3E9E28D","Drawable","[ytyp]\cs_hlun_lod.ytyp","hash_A3E9E28D","hash_DAC99FC2","hash_A3E9E28D","defined"
"chapadao","hash_2F99E832","HASH_2F99E832","direct","","[ydr]\quebradashop_muro1a.ydr","","","matched"
"chapadao","hash_2F99E832","HASH_2F99E832","Drawable","[ytyp]\favela_quebradashop.ytyp","hash_2F99E832","hash_DAC99FC2","hash_2F99E832","defined"
"chapadao","hash_E6009E2A","HASH_E6009E2A","direct","","[ydr]\casa94vb.ydr","","","matched"
"chapadao","hash_E6009E2A","HASH_E6009E2A","Drawable","[ydr]\barracoqs10.ytyp","hash_E6009E2A","hash_29E5B098","hash_E6009E2A","defined"
"chapadao","hash_6C708E3F","HASH_6C708E3F","direct","","[ydr]\qsbarraco39.ydr","","","matched"
"chapadao","hash_6C708E3F","HASH_6C708E3F","Drawable","[ytyp]\cs_hlun_lod.ytyp","hash_6C708E3F","hash_DAC99FC2","hash_6C708E3F","defined"
"chapadao","hash_0EE0AFF3","HASH_0EE0AFF3","direct","","[ydr]\qs44e.ydr","","","matched"
"chapadao","hash_0EE0AFF3","HASH_0EE0AFF3","Drawable","[ytyp]\cs_hlun_lod.ytyp","hash_0EE0AFF3","hash_DAC99FC2","hash_0EE0AFF3","defined"
"chapadao","hash_33A71CA9","HASH_33A71CA9","direct","","[ydr]\qsbarraco35.ydr","","","matched"
"chapadao","hash_33A71CA9","HASH_33A71CA9","Drawable","[ytyp]\cs_hlun_lod.ytyp","hash_33A71CA9","hash_DAC99FC2","hash_33A71CA9","defined"
"chapadao","hash_C69D36D8","HASH_C69D36D8","direct","","[ydr]\qsbarraco80f.ydr","","","matched"
"chapadao","hash_C69D36D8","HASH_C69D36D8","Drawable","[ytyp]\cs_hlun_lod.ytyp","hash_C69D36D8","hash_5BD1F89C","hash_C69D36D8","defined"
"chapadao","hash_09996ED2","HASH_09996ED2","direct","","[ydr]\quebradashop61a.ydr","","","matched"
"chapadao","hash_09996ED2","HASH_09996ED2","Drawable","[ytyp]\favela_quebradashop.ytyp","hash_09996ED2","hash_29E5B098","hash_09996ED2","defined"
"chapadao","hash_1DEE5B18","HASH_1DEE5B18","direct","","[ydr]\qs30.ydr","","","matched"
"chapadao","hash_1DEE5B18","HASH_1DEE5B18","Drawable","[ytyp]\cs_hlun_lod.ytyp","hash_1DEE5B18","hash_DAC99FC2","hash_1DEE5B18","defined"
"chapadao","hash_40D23ECE","HASH_40D23ECE","unknown","","","","","native_or_missing"
"chapadao","hash_3B4894AB","HASH_3B4894AB","direct","","[ydr]\quebradashopgraf580.ydr","","","matched"
"chapadao","hash_3B4894AB","HASH_3B4894AB","Drawable","[ytyp]\quebradashopgraf.ytyp","hash_3B4894AB","hash_3B4894AB","hash_3B4894AB","defined"
"chapadao","hash_FF39DA39","HASH_FF39DA39","direct","","[ydr]\quebradashopgraf53.ydr","","","matched"
"chapadao","hash_FF39DA39","HASH_FF39DA39","Drawable","[ytyp]\quebradashopgraf.ytyp","hash_FF39DA39","hash_4D4BBE9C","hash_FF39DA39","defined"
"chapadao","hash_9D679696","HASH_9D679696","direct","","[ydr]\quebradashopgraf55.ydr","","","matched"
"chapadao","hash_9D679696","HASH_9D679696","Drawable","[ytyp]\quebradashopgraf.ytyp","hash_9D679696","hash_4D4BBE9C","hash_9D679696","defined"
"chapadao","hash_A2352169","HASH_A2352169","direct","","[ydr]\quebradashopgraf63.ydr","","","matched"
"chapadao","hash_A2352169","HASH_A2352169","Drawable","[ytyp]\quebradashopgraf.ytyp","hash_A2352169","hash_4D4BBE9C","hash_A2352169","defined"
"chapadao","hash_C6001C68","HASH_C6001C68","direct","","[ydr]\quebradashopgraf554.ydr","","","matched"
"chapadao","hash_C6001C68","HASH_C6001C68","Drawable","[ytyp]\quebradashopgraf.ytyp","hash_C6001C68","hash_C6001C68","hash_C6001C68","defined"
"chapadao","hash_503B5D1C","HASH_503B5D1C","direct","","[ydr]\quebradashopgraf105.ydr","","","matched"
"chapadao","hash_503B5D1C","HASH_503B5D1C","Drawable","[ytyp]\quebradashopgraf.ytyp","hash_503B5D1C","hash_503B5D1C","hash_503B5D1C","defined"
"chapadao","hash_6F021CE9","HASH_6F021CE9","direct","","[ydr]\quebradashopgraf125.ydr","","","matched"
"chapadao","hash_6F021CE9","HASH_6F021CE9","Drawable","[ytyp]\quebradashopgraf.ytyp","hash_6F021CE9","hash_6F021CE9","hash_6F021CE9","defined"
"chapadao","hash_74312747","HASH_74312747","direct","","[ydr]\quebradashopgraf124.ydr","","","matched"
"chapadao","hash_74312747","HASH_74312747","Drawable","[ytyp]\quebradashopgraf.ytyp","hash_74312747","hash_74312747","hash_74312747","defined"
"chapadao","hash_A912910D","HASH_A912910D","direct","","[ydr]\quebradashopgraf128.ydr","","","matched"
"chapadao","hash_A912910D","HASH_A912910D","Drawable","[ytyp]\quebradashopgraf.ytyp","hash_A912910D","hash_A912910D","hash_A912910D","defined"
"chapadao","hash_2F941CAE","HASH_2F941CAE","direct","","[ydr]\quebradashopgraf130.ydr","","","matched"
"chapadao","hash_2F941CAE","HASH_2F941CAE","Drawable","[ytyp]\quebradashopgraf.ytyp","hash_2F941CAE","hash_2F941CAE","hash_2F941CAE","defined"
"chapadao","hash_FD6DCEBE","HASH_FD6DCEBE","direct","","[ydr]\qsgrade4.ydr","","","matched"
"chapadao","hash_FD6DCEBE","HASH_FD6DCEBE","Drawable","[ytyp]\cs_hlun_lod.ytyp","hash_FD6DCEBE","hash_DAC99FC2","hash_FD6DCEBE","defined"
"chapadao","hash_64A0A509","HASH_64A0A509","direct","","[ydr]\quebradashopgraf56.ydr","","","matched"
"chapadao","hash_64A0A509","HASH_64A0A509","Drawable","[ytyp]\quebradashopgraf.ytyp","hash_64A0A509","hash_4D4BBE9C","hash_64A0A509","defined"
"chapadao","hash_FEBB4F34","HASH_FEBB4F34","direct","","[ydr]\quebradashopgraf40.ydr","","","matched"
"chapadao","hash_FEBB4F34","HASH_FEBB4F34","Drawable","[ytyp]\quebradashopgraf.ytyp","hash_FEBB4F34","hash_4D4BBE9C","hash_FEBB4F34","defined"
"chapadao","hash_C3FFCBE8","HASH_C3FFCBE8","direct","","[ydr]\qsbarraco85.ydr","","","matched"
"chapadao","hash_C3FFCBE8","HASH_C3FFCBE8","Drawable","[ytyp]\cs_hlun_lod.ytyp","hash_C3FFCBE8","hash_DAC99FC2","hash_C3FFCBE8","defined"
"chapadao","hash_B5DD1656","HASH_B5DD1656","unknown","","","","","native_or_missing"
"chapadao","hash_5D37C683","HASH_5D37C683","unknown","","","","","native_or_missing"
"chapadao","hash_16770E68","HASH_16770E68","unknown","","","","","native_or_missing"
"chapadao","hash_3A4055FA","HASH_3A4055FA","unknown","","","","","native_or_missing"
"chapadao","hash_1A555DF6","HASH_1A555DF6","direct","","[ydr]\poste.ydr","","","matched"
"chapadao","hash_1A555DF6","HASH_1A555DF6","Drawable","[ytyp]\cs_hlun_lod.ytyp","hash_1A555DF6","hash_D3480D7B","hash_893DA201","defined"
"chapadao","hash_069E0268","HASH_069E0268","direct","","[ydr]\casa59vb2.ydr","","","matched"
"chapadao","hash_069E0268","HASH_069E0268","Drawable","[ydr]\barracoqs10.ytyp","hash_069E0268","hash_29E5B098","hash_069E0268","defined"
"chapadao","hash_069E0268","HASH_069E0268","Drawable","[ydr]\barracoqs10.ytyp","hash_069E0268","hash_29E5B098","hash_069E0268","defined"
"chapadao","hash_9044C006","HASH_9044C006","direct","","[ydr]\quebradashopgraf592.ydr","","","matched"
"chapadao","hash_9044C006","HASH_9044C006","Drawable","[ytyp]\quebradashopgraf.ytyp","hash_9044C006","hash_9044C006","hash_9044C006","defined"
"chapadao","hash_AD6DFA58","HASH_AD6DFA58","direct","","[ydr]\quebradashopgraf593.ydr","","","matched"
"chapadao","hash_AD6DFA58","HASH_AD6DFA58","Drawable","[ytyp]\quebradashopgraf.ytyp","hash_AD6DFA58","hash_AD6DFA58","hash_AD6DFA58","defined"
"chapadao","hash_433AA466","HASH_433AA466","direct","","[ydr]\quebradashopgraf619.ydr","","","matched"
"chapadao","hash_433AA466","HASH_433AA466","Drawable","[ytyp]\quebradashopgraf.ytyp","hash_433AA466","hash_433AA466","hash_433AA466","defined"
"chapadao","hash_48926E1D","HASH_48926E1D","direct","","[ydr]\quebradashopgraf66.ydr","","","matched"
"chapadao","hash_48926E1D","HASH_48926E1D","Drawable","[ytyp]\quebradashopgraf.ytyp","hash_48926E1D","hash_4D4BBE9C","hash_48926E1D","defined"
"chapadao","hash_A7783ED9","HASH_A7783ED9","direct","","[ydr]\quebradashopgraf367.ydr","","","matched"
"chapadao","hash_A7783ED9","HASH_A7783ED9","Drawable","[ytyp]\quebradashopgraf.ytyp","hash_A7783ED9","hash_A7783ED9","hash_A7783ED9","defined"
"chapadao","hash_509A65DD","HASH_509A65DD","unknown","","","","","native_or_missing"
"chapadao","hash_03833ADF","HASH_03833ADF","unknown","","","","","native_or_missing"
"chapadao","hash_D2DC5C2A","HASH_D2DC5C2A","direct","","[ydr]\qs_escada01.ydr","","","matched"
"chapadao","hash_D2DC5C2A","HASH_D2DC5C2A","Drawable","[ytyp]\cs_hlun_lod.ytyp","hash_D2DC5C2A","hash_5BD1F89C","hash_D2DC5C2A","defined"
"chapadao","hash_5CE284F6","HASH_5CE284F6","unknown","","","","","native_or_missing"
"chapadao","hash_B17EAD7D","HASH_B17EAD7D","unknown","","","","","native_or_missing"
"chapadao","hash_28E0F356","HASH_28E0F356","direct","","[ydr]\qsbanca1.ydr","","","matched"
"chapadao","hash_28E0F356","HASH_28E0F356","Drawable","[ytyp]\detailrua1.ytyp","hash_28E0F356","hash_28E0F356","hash_28E0F356","defined"
"chapadao","hash_55364C18","HASH_55364C18","direct","","[ydr]\qsbanca2.ydr","","","matched"
"chapadao","hash_55364C18","HASH_55364C18","Drawable","[ytyp]\detailrua1.ytyp","hash_55364C18","hash_55364C18","hash_55364C18","defined"
"chapadao","hash_A1BC2F96","HASH_A1BC2F96","unknown","","","","","native_or_missing"
"chapadao","hash_BC838FCF","HASH_BC838FCF","direct","","[ydr]\qssorvete2.ydr","","","matched"
"chapadao","hash_BC838FCF","HASH_BC838FCF","Drawable","[ytyp]\detailrua1.ytyp","hash_BC838FCF","hash_BC838FCF","hash_BC838FCF","defined"
"chapadao","hash_BD8F1A16","HASH_BD8F1A16","unknown","","","","","native_or_missing"
"chapadao","hash_653FFDCE","HASH_653FFDCE","direct","","[ydr]\basevb.ydr","","","matched"
"chapadao","hash_653FFDCE","HASH_653FFDCE","Drawable","[ydr]\barracoqs10.ytyp","hash_653FFDCE","hash_B77608F1","hash_653FFDCE","defined"
"chapadao","hash_A063C35C","HASH_A063C35C","unknown","","","","","native_or_missing"
"chapadao","hash_2653E120","HASH_2653E120","direct","","[ydr]\academaiqs_praca.ydr","","","matched"
"chapadao","hash_2653E120","HASH_2653E120","Drawable","[ytyp]\favela_quebradashop.ytyp","hash_2653E120","hash_2653E120","hash_2653E120","defined"
"chapadao","hash_4AF2CCB6","HASH_4AF2CCB6","unknown","","","","","native_or_missing"
"chapadao","hash_5A101E71","HASH_5A101E71","unknown","","","","","native_or_missing"
"chapadao","hash_64A7339F","HASH_64A7339F","unknown","","","","","native_or_missing"
"chapadao","hash_8839FAC4","HASH_8839FAC4","unknown","","","","","native_or_missing"
"chapadao","hash_137D35F4","HASH_137D35F4","unknown","","","","","native_or_missing"
"chapadao","hash_524BAE5E","HASH_524BAE5E","unknown","","","","","native_or_missing"
"chapadao","hash_333332ED","HASH_333332ED","unknown","","","","","native_or_missing"
"chapadao","hash_434BFB7C","HASH_434BFB7C","unknown","","","","","native_or_missing"
"chapadao","hash_ADA39B9E","HASH_ADA39B9E","unknown","","","","","native_or_missing"
"chapadao","hash_C36DC732","HASH_C36DC732","unknown","","","","","native_or_missing"
"chapadao","hash_D49866AA","HASH_D49866AA","direct","","[ydr]\vbfio2.ydr","","","matched"
"chapadao","hash_D49866AA","HASH_D49866AA","Drawable","[ydr]\barracoqs10.ytyp","hash_D49866AA","hash_29E5B098","hash_D49866AA","defined"
"chapadao","hash_A94AE30E","HASH_A94AE30E","direct","","[ydr]\quebradashopgraf546.ydr","","","matched"
"chapadao","hash_A94AE30E","HASH_A94AE30E","Drawable","[ytyp]\quebradashopgraf.ytyp","hash_A94AE30E","hash_A94AE30E","hash_A94AE30E","defined"
"chapadao","hash_7133F2E1","HASH_7133F2E1","direct","","[ydr]\quebradashopgraf549.ydr","","","matched"
"chapadao","hash_7133F2E1","HASH_7133F2E1","Drawable","[ytyp]\quebradashopgraf.ytyp","hash_7133F2E1","hash_7133F2E1","hash_7133F2E1","defined"
"chapadao","hash_879D1FB3","HASH_879D1FB3","direct","","[ydr]\quebradashopgraf548.ydr","","","matched"
"chapadao","hash_879D1FB3","HASH_879D1FB3","Drawable","[ytyp]\quebradashopgraf.ytyp","hash_879D1FB3","hash_879D1FB3","hash_879D1FB3","defined"
"chapadao","hash_94212AE2","HASH_94212AE2","direct","","[ydr]\caixaqs3.ydr","","","matched"
"chapadao","hash_94212AE2","HASH_94212AE2","Drawable","[ytyp]\detailrua1.ytyp","hash_94212AE2","hash_94212AE2","hash_94212AE2","defined"
"chapadao","hash_32E3092B","HASH_32E3092B","direct","","[ydr]\caixaqs.ydr","","","matched"
"chapadao","hash_32E3092B","HASH_32E3092B","Drawable","[ytyp]\detailrua1.ytyp","hash_32E3092B","hash_32E3092B","hash_32E3092B","defined"
"chapadao","hash_EFC4165A","HASH_EFC4165A","unknown","","","","","native_or_missing"
"chapadao","hash_FA7BCF6A","HASH_FA7BCF6A","unknown","","","","","native_or_missing"
"chapadao","hash_7C035CA2","HASH_7C035CA2","unknown","","","","","native_or_missing"
"chapadao","hash_2DA13CC7","HASH_2DA13CC7","unknown","","","","","native_or_missing"
"chapadao","hash_45DFEF67","HASH_45DFEF67","unknown","","","","","native_or_missing"
"chapadao","hash_15B9011A","HASH_15B9011A","unknown","","","","","native_or_missing"
"chapadao","hash_85049A3D","HASH_85049A3D","unknown","","","","","native_or_missing"
"chapadao","hash_CF90AAF0","HASH_CF90AAF0","unknown","","","","","native_or_missing"
"chapadao","hash_42CE3C8A","HASH_42CE3C8A","unknown","","","","","native_or_missing"
"chapadao","hash_F1C07967","HASH_F1C07967","unknown","","","","","native_or_missing"
"chapadao","hash_97CB0224","HASH_97CB0224","unknown","","","","","native_or_missing"
"chapadao","hash_5580FD85","HASH_5580FD85","unknown","","","","","native_or_missing"
"chapadao","hash_17236AA7","HASH_17236AA7","unknown","","","","","native_or_missing"
"chapadao","hash_21815FFB","HASH_21815FFB","direct","","[ydr]\quebradashop_base.ydr","","","matched"
"chapadao","hash_21815FFB","HASH_21815FFB","Drawable","[ydr]\barracoqs10.ytyp","hash_21815FFB","hash_7D490B95","hash_21815FFB","defined"
"chapadao","hash_A616CB64","HASH_A616CB64","direct","","[ydr]\quebradashop_base1.ydr","","","matched"
"chapadao","hash_A616CB64","HASH_A616CB64","Drawable","[ydr]\barracoqs10.ytyp","hash_A616CB64","hash_7D490B95","hash_A616CB64","defined"
"chapadao","hash_7DC1B698","HASH_7DC1B698","direct","","[ydr]\parque.ydr","","","matched"
"chapadao","hash_7DC1B698","HASH_7DC1B698","Drawable","[ytyp]\cs_hlun_lod.ytyp","hash_7DC1B698","hash_7DC1B698","hash_7DC1B698","defined"
"chapadao","hash_DDA268D3","HASH_DDA268D3","direct","","[ydr]\balanco.ydr","","","matched"
"chapadao","hash_DDA268D3","HASH_DDA268D3","Drawable","[ytyp]\cs_hlun_lod.ytyp","hash_DDA268D3","hash_B77608F1","hash_DDA268D3","defined"
"chapadao","hash_DDA268D3","HASH_DDA268D3","Drawable","[ytyp]\detailrua1.ytyp","hash_DDA268D3","hash_B77608F1","hash_DDA268D3","defined"
"chapadao","hash_7B83E9D7","HASH_7B83E9D7","direct","","[ydr]\trepatrepa.ydr","","","matched"
"chapadao","hash_7B83E9D7","HASH_7B83E9D7","Drawable","[ytyp]\cs_hlun_lod.ytyp","hash_7B83E9D7","hash_B77608F1","hash_7B83E9D7","defined"
"chapadao","hash_7B83E9D7","HASH_7B83E9D7","Drawable","[ytyp]\detailrua1.ytyp","hash_7B83E9D7","hash_B77608F1","hash_7B83E9D7","defined"
"chapadao","hash_CED91AC8","HASH_CED91AC8","direct","","[ydr]\brinquedovb.ydr","","","matched"
"chapadao","hash_CED91AC8","HASH_CED91AC8","Drawable","[ydr]\barracoqs10.ytyp","hash_CED91AC8","hash_DAC99FC2","hash_CED91AC8","defined"
"chapadao","hash_051736B5","HASH_051736B5","direct","","[ydr]\quebradashop_caveirao.ydr","","","matched"
"chapadao","hash_051736B5","HASH_051736B5","Drawable","[ytyp]\favela_quebradashop.ytyp","hash_051736B5","hash_051736B5","hash_051736B5","defined"
"chapadao","hash_AA85B19A","HASH_AA85B19A","direct","","[ydr]\xadrez.ydr","","","matched"
"chapadao","hash_AA85B19A","HASH_AA85B19A","Drawable","[ydr]\barracoqs10.ytyp","hash_AA85B19A","hash_29E5B098","hash_AA85B19A","defined"
"chapadao","hash_DE5BD37F","HASH_DE5BD37F","direct","","[ydr]\qssorvete3.ydr","","","matched"
"chapadao","hash_DE5BD37F","HASH_DE5BD37F","Drawable","[ytyp]\detailrua1.ytyp","hash_DE5BD37F","hash_DE5BD37F","hash_DE5BD37F","defined"
"chapadao","hash_B459263A","HASH_B459263A","direct","","[ydr]\quebradashop_piscina2024.ydr","","","matched"
"chapadao","hash_B459263A","HASH_B459263A","Drawable","[ytyp]\favela_quebradashop.ytyp","hash_B459263A","hash_29E5B098","hash_B459263A","defined"
"chapadao","hash_41C9B744","HASH_41C9B744","unknown","","","","","native_or_missing"
"chapadao","hash_261CF98D","HASH_261CF98D","unknown","","","","","native_or_missing"
"chapadao","hash_EC208595","HASH_EC208595","unknown","","","","","native_or_missing"
"chapadao","hash_F9CA20E8","HASH_F9CA20E8","unknown","","","","","native_or_missing"
"chapadao","hash_52C04FAF","HASH_52C04FAF","direct","","[ydr]\mesaferrovb.ydr","","","matched"
"chapadao","hash_52C04FAF","HASH_52C04FAF","Drawable","[ydr]\barracoqs10.ytyp","hash_52C04FAF","hash_CBC6FBD3","hash_52C04FAF","defined"
"chapadao","hash_110FDF95","HASH_110FDF95","unknown","","","","","native_or_missing"
"chapadao","hash_3A473203","HASH_3A473203","unknown","","","","","native_or_missing"
"chapadao","hash_A01D4764","HASH_A01D4764","unknown","","","","","native_or_missing"
"chapadao","hash_9CE03108","HASH_9CE03108","unknown","","","","","native_or_missing"
"chapadao","hash_A227D7F5","HASH_A227D7F5","unknown","","","","","native_or_missing"
"chapadao","hash_6F7A686A","HASH_6F7A686A","unknown","","","","","native_or_missing"
"chapadao","hash_FC60677A","HASH_FC60677A","unknown","","","","","native_or_missing"
"chapadao","hash_86591230","HASH_86591230","unknown","","","","","native_or_missing"
"chapadao","hash_B8C6F70B","HASH_B8C6F70B","unknown","","","","","native_or_missing"
"chapadao","hash_B7161A60","HASH_B7161A60","direct","","[ydr]\quebradashopiscina.ydr","","","matched"
"chapadao","hash_B7161A60","HASH_B7161A60","Drawable","[ytyp]\cs_hlun_lod.ytyp","hash_B7161A60","hash_DAC99FC2","hash_B7161A60","defined"
"chapadao","hash_1BBBBF76","HASH_1BBBBF76","unknown","","","","","native_or_missing"
"chapadao","hash_E39B04AC","HASH_E39B04AC","unknown","","","","","native_or_missing"
"chapadao","hash_B1A02702","HASH_B1A02702","unknown","","","","","native_or_missing"
"chapadao","hash_600A8BD2","HASH_600A8BD2","unknown","","","","","native_or_missing"
"chapadao","hash_763D2CBF","HASH_763D2CBF","direct","","[ydr]\cadeiraferrovb.ydr","","","matched"
"chapadao","hash_763D2CBF","HASH_763D2CBF","Drawable","[ydr]\barracoqs10.ytyp","hash_763D2CBF","hash_CBC6FBD3","hash_763D2CBF","defined"
"chapadao","hash_97D0969C","HASH_97D0969C","unknown","","","","","native_or_missing"
"chapadao","hash_E0813CF2","HASH_E0813CF2","unknown","","","","","native_or_missing"
"chapadao","hash_281192B3","HASH_281192B3","unknown","","","","","native_or_missing"
"chapadao","hash_62F2610C","HASH_62F2610C","direct","","[ydr]\tijoloqs1.ydr","","","matched"
"chapadao","hash_62F2610C","HASH_62F2610C","Drawable","[ytyp]\cs_hlun_lod.ytyp","hash_62F2610C","hash_DAC99FC2","hash_62F2610C","defined"
"chapadao","hash_4D6410F7","HASH_4D6410F7","unknown","","","","","native_or_missing"
"chapadao","hash_DE3DE404","HASH_DE3DE404","unknown","","","","","native_or_missing"
"chapadao","hash_6FA119C7","HASH_6FA119C7","unknown","","","","","native_or_missing"
"chapadao","hash_77C2A9F1","HASH_77C2A9F1","unknown","","","","","native_or_missing"
"chapadao","hash_71A37A08","HASH_71A37A08","direct","","[ydr]\qssorvete1.ydr","","","matched"
"chapadao","hash_71A37A08","HASH_71A37A08","Drawable","[ytyp]\detailrua1.ytyp","hash_71A37A08","hash_71A37A08","hash_71A37A08","defined"
"chapadao","hash_1BF19C10","HASH_1BF19C10","unknown","","","","","native_or_missing"
"chapadao","hash_56B77806","HASH_56B77806","direct","","[ydr]\quebradashop_mesadroga.ydr","","","matched"
"chapadao","hash_56B77806","HASH_56B77806","Drawable","[ytyp]\favela_quebradashop.ytyp","hash_56B77806","hash_69D05E84","hash_56B77806","defined"
"chapadao","hash_4B9B237C","HASH_4B9B237C","unknown","","","","","native_or_missing"
"chapadao","hash_BF46CD94","HASH_BF46CD94","direct","","[ydr]\tijoloqs.ydr","","","matched"
"chapadao","hash_BF46CD94","HASH_BF46CD94","Drawable","[ytyp]\cs_hlun_lod.ytyp","hash_BF46CD94","hash_BF46CD94","hash_BF46CD94","defined"
"chapadao","hash_CFFBB0F1","HASH_CFFBB0F1","unknown","","","","","native_or_missing"
"chapadao","hash_59C16E2C","HASH_59C16E2C","unknown","","","","","native_or_missing"
"chapadao","hash_A1F54321","HASH_A1F54321","unknown","","","","","native_or_missing"
"chapadao","hash_BEAC7C8F","HASH_BEAC7C8F","unknown","","","","","native_or_missing"
"chapadao","hash_CC691808","HASH_CC691808","unknown","","","","","native_or_missing"
"chapadao","hash_F91D716C","HASH_F91D716C","unknown","","","","","native_or_missing"
"chapadao","hash_16DBACE8","HASH_16DBACE8","unknown","","","","","native_or_missing"
"chapadao","hash_49673B7D","HASH_49673B7D","unknown","","","","","native_or_missing"
"chapadao","hash_49F90A9B","HASH_49F90A9B","unknown","","","","","native_or_missing"
"chapadao","hash_6842472D","HASH_6842472D","unknown","","","","","native_or_missing"
"chapadao","hash_2CD6D8B7","HASH_2CD6D8B7","direct","","[ydr]\escada_01.ydr","","","matched"
"chapadao","hash_2CD6D8B7","HASH_2CD6D8B7","Drawable","[ytyp]\cs_hlun_lod.ytyp","hash_2CD6D8B7","props","hash_893DA201","defined"
"chapadao","hash_72178DBA","HASH_72178DBA","unknown","","","","","native_or_missing"
"chapadao","hash_7B53A032","HASH_7B53A032","unknown","","","","","native_or_missing"
"chapadao","hash_4293EBF2","HASH_4293EBF2","unknown","","","","","native_or_missing"
"chapadao","hash_B60A04EC","HASH_B60A04EC","unknown","","","","","native_or_missing"
"chapadao","hash_31627D68","HASH_31627D68","unknown","","","","","native_or_missing"
"chapadao","hash_A38171BC","HASH_A38171BC","unknown","","","","","native_or_missing"
"chapadao","hash_CCBBD31F","HASH_CCBBD31F","direct","","[ydr]\golqs.ydr","","","matched"
"chapadao","hash_CCBBD31F","HASH_CCBBD31F","Drawable","[ytyp]\cs_hlun_lod.ytyp","hash_CCBBD31F","hash_DAC99FC2","hash_CCBBD31F","defined"
"chapadao","hash_04D91726","HASH_04D91726","direct","","[ydr]\basevb5.ydr","","","matched"
"chapadao","hash_04D91726","HASH_04D91726","Drawable","[ydr]\barracoqs10.ytyp","hash_04D91726","hash_DAC99FC2","hash_04D91726","defined"
"chapadao","hash_0CFFB6B0","HASH_0CFFB6B0","unknown","","","","","native_or_missing"
"chapadao","hash_9C610E9F","HASH_9C610E9F","unknown","","","","","native_or_missing"
"chapadao","hash_CCAB2CE8","HASH_CCAB2CE8","unknown","","","","","native_or_missing"
"chapadao","hash_6476EBFC","HASH_6476EBFC","unknown","","","","","native_or_missing"
"chapadao","hash_319D864A","HASH_319D864A","unknown","","","","","native_or_missing"
"chapadao","hash_C079B265","HASH_C079B265","unknown","","","","","native_or_missing"
"chapadao","hash_08C198E9","HASH_08C198E9","unknown","","","","","native_or_missing"
"chapadao","hash_84EB66A0","HASH_84EB66A0","unknown","","","","","native_or_missing"
"chapadao","hash_CE3D7AA0","HASH_CE3D7AA0","unknown","","","","","native_or_missing"
"chapadao","hash_04097527","HASH_04097527","unknown","","","","","native_or_missing"
"chapadao","hash_2CA42DDC","HASH_2CA42DDC","unknown","","","","","native_or_missing"
"chapadao","hash_61411A21","HASH_61411A21","direct","","[yft]\quebradashop_tenda2025.yft","","","matched"
"chapadao","hash_61411A21","HASH_61411A21","Drawable","[ytyp]\favela_quebradashop.ytyp","hash_61411A21","hash_61411A21","","defined"
"chapadao","hash_55B5EAEE","HASH_55B5EAEE","direct","","[yft]\quebradashop_tenda2025a.yft","","","matched"
"chapadao","hash_55B5EAEE","HASH_55B5EAEE","Drawable","[ytyp]\favela_quebradashop.ytyp","hash_55B5EAEE","hash_55B5EAEE","","defined"
"chapadao","hash_47794E75","HASH_47794E75","direct","","[yft]\quebradashop_tenda2025b.yft","","","matched"
"chapadao","hash_47794E75","HASH_47794E75","Drawable","[ytyp]\favela_quebradashop.ytyp","hash_47794E75","hash_47794E75","","defined"
"chapadao","hash_B262BED2","HASH_B262BED2","direct","","[ydr]\zant_rave_poste.ydr","","","matched"
"chapadao","hash_B262BED2","HASH_B262BED2","Drawable","[ydr]\barracoqs10.ytyp","hash_B262BED2","hash_07D69C2C","hash_B262BED2","defined"
"chapadao","hash_B262BED2","HASH_B262BED2","Drawable","[ydr]\barracoqs10.ytyp","hash_B262BED2","hash_99D2BF12","hash_B262BED2","defined"
"chapadao","hash_02747154","HASH_02747154","direct","","[ydr]\palco_qs.ydr","","","matched"
"chapadao","hash_02747154","HASH_02747154","Drawable","[ytyp]\cs_hlun_lod.ytyp","hash_02747154","hash_02747154","hash_02747154","defined"
"chapadao","hash_354CF021","HASH_354CF021","direct","","[ydr]\gradepalco.ydr","","","matched"
"chapadao","hash_354CF021","HASH_354CF021","Drawable","[ytyp]\cs_hlun_lod.ytyp","hash_354CF021","hash_354CF021","hash_354CF021","defined"
"chapadao","hash_FF083D9B","HASH_FF083D9B","direct","","[ydr]\qssom.ydr","","","matched"
"chapadao","hash_FF083D9B","HASH_FF083D9B","Drawable","[ytyp]\favela_quebradashop.ytyp","hash_FF083D9B","hash_6A24C321","hash_FF083D9B","defined"
"chapadao","hash_3AE1A833","HASH_3AE1A833","direct","","[ydr]\quebradashop_dj.ydr","","","matched"
"chapadao","hash_3AE1A833","HASH_3AE1A833","Drawable","[ytyp]\cs_hlun_lod.ytyp","hash_3AE1A833","hash_3AE1A833","hash_3AE1A833","defined"
"chapadao","hash_719A46FF","HASH_719A46FF","direct","","[ydr]\quebradashop_paredaosomt.ydr","","","matched"
"chapadao","hash_719A46FF","HASH_719A46FF","Drawable","[ytyp]\detailrua1.ytyp","hash_719A46FF","hash_719A46FF","hash_719A46FF","defined"
"chapadao","hash_485FFF64","HASH_485FFF64","unknown","","","","","native_or_missing"
"chapadao","hash_3E5D8D99","HASH_3E5D8D99","unknown","","","","","native_or_missing"
"chapadao","hash_5C8957B5","HASH_5C8957B5","unknown","","","","","native_or_missing"
"chapadao","hash_F453D33E","HASH_F453D33E","direct","","[ydr]\quebradashopgraf489.ydr","","","matched"
"chapadao","hash_F453D33E","HASH_F453D33E","Drawable","[ytyp]\quebradashopgraf.ytyp","hash_F453D33E","hash_F453D33E","hash_F453D33E","defined"
"chapadao","hash_E1F9D46F","HASH_E1F9D46F","direct","","[ydr]\quebradashopgraf543.ydr","","","matched"
"chapadao","hash_E1F9D46F","HASH_E1F9D46F","Drawable","[ytyp]\quebradashopgraf.ytyp","hash_E1F9D46F","hash_E1F9D46F","hash_E1F9D46F","defined"
"chapadao","hash_CC46A909","HASH_CC46A909","direct","","[ydr]\quebradashopgraf544.ydr","","","matched"
"chapadao","hash_CC46A909","HASH_CC46A909","Drawable","[ytyp]\quebradashopgraf.ytyp","hash_CC46A909","hash_CC46A909","hash_CC46A909","defined"
"chapadao","hash_63F36600","HASH_63F36600","direct","","[ydr]\quebradashopgraf583.ydr","","","matched"
"chapadao","hash_63F36600","HASH_63F36600","Drawable","[ytyp]\quebradashopgraf.ytyp","hash_63F36600","hash_63F36600","hash_63F36600","defined"
"chapadao","hash_724602A5","HASH_724602A5","direct","","[ydr]\quebradashopgraf584.ydr","","","matched"
"chapadao","hash_724602A5","HASH_724602A5","Drawable","[ytyp]\quebradashopgraf.ytyp","hash_724602A5","hash_724602A5","hash_724602A5","defined"
"chapadao","hash_CCABB777","HASH_CCABB777","direct","","[ydr]\quebradashopgraf588.ydr","","","matched"
"chapadao","hash_CCABB777","HASH_CCABB777","Drawable","[ytyp]\quebradashopgraf.ytyp","hash_CCABB777","hash_CCABB777","hash_CCABB777","defined"
"chapadao","hash_6C1277A2","HASH_6C1277A2","direct","","[ydr]\quebradashopgraf590.ydr","","","matched"
"chapadao","hash_6C1277A2","HASH_6C1277A2","Drawable","[ytyp]\quebradashopgraf.ytyp","hash_6C1277A2","hash_6C1277A2","hash_6C1277A2","defined"
"chapadao","hash_03C4ECDB","HASH_03C4ECDB","unknown","","","","","native_or_missing"
"chapadao","hash_7CFD8781","HASH_7CFD8781","unknown","","","","","native_or_missing"
"chapadao","hash_2B11C167","HASH_2B11C167","direct","","[ydr]\fav_qs_lombada.ydr","","","matched"
"chapadao","hash_2B11C167","HASH_2B11C167","Drawable","[ytyp]\detailrua1.ytyp","hash_2B11C167","hash_2E3DADDA","hash_2B11C167","defined"
"chapadao","hash_0C1DC698","HASH_0C1DC698","direct","","[ydr]\espetinhovb.ydr","","","matched"
"chapadao","hash_0C1DC698","HASH_0C1DC698","Drawable","[ydr]\barracoqs10.ytyp","hash_0C1DC698","hash_CBC6FBD3","hash_0C1DC698","defined"
"chapadao","hash_95C95659","HASH_95C95659","unknown","","","","","native_or_missing"
"chapadao","hash_4B414082","HASH_4B414082","unknown","","","","","native_or_missing"
"chapadao","hash_92E05029","HASH_92E05029","unknown","","","","","native_or_missing"
"chapadao","hash_E32C6055","HASH_E32C6055","unknown","","","","","native_or_missing"
"chapadao","hash_B0EFFBDD","HASH_B0EFFBDD","unknown","","","","","native_or_missing"
"chapadao","hash_A4F7B696","HASH_A4F7B696","unknown","","","","","native_or_missing"
"chapadao","hash_902D2C9F","HASH_902D2C9F","unknown","","","","","native_or_missing"
"chapadao","hash_C9A375D8","HASH_C9A375D8","unknown","","","","","native_or_missing"
"chapadao","hash_8662B9BF","HASH_8662B9BF","unknown","","","","","native_or_missing"
"chapadao","hash_78151D24","HASH_78151D24","unknown","","","","","native_or_missing"
"chapadao","hash_0B86B5BB","HASH_0B86B5BB","unknown","","","","","native_or_missing"
"chapadao","hash_4DE6A409","HASH_4DE6A409","unknown","","","","","native_or_missing"
"chapadao","hash_92F001A2","HASH_92F001A2","unknown","","","","","native_or_missing"
"chapadao","hash_6C359F1E","HASH_6C359F1E","direct","","[ydr]\zant_rave_lampadasnew.ydr","","","matched"
"chapadao","hash_6C359F1E","HASH_6C359F1E","Drawable","[ydr]\barracoqs10.ytyp","hash_6C359F1E","hash_55FD4B3B","hash_6C359F1E","defined"
"chapadao","hash_1D65B828","HASH_1D65B828","unknown","","","","","native_or_missing"
"chapadao","hash_B7587711","HASH_B7587711","unknown","","","","","native_or_missing"
"chapadao","hash_33A12F6E","HASH_33A12F6E","unknown","","","","","native_or_missing"
"chapadao","hash_3BFBACC6","HASH_3BFBACC6","direct","","[ydr]\quebradashop_heliop.ydr","","","matched"
"chapadao","hash_3BFBACC6","HASH_3BFBACC6","Drawable","[ytyp]\cs_hlun_lod.ytyp","hash_3BFBACC6","hash_7E0A4F1B","hash_3BFBACC6","defined"
"chapadao","hash_F42FD8BE","HASH_F42FD8BE","direct","","[ydr]\quebradashop_escada2.ydr","","","matched"
"chapadao","hash_F42FD8BE","HASH_F42FD8BE","Drawable","[mapas]\[favelatunel]\quebradashoprua_tunnel.ytyp","hash_F42FD8BE","hash_5614CAD9","","defined"
"chapadao","hash_F42FD8BE","HASH_F42FD8BE","Drawable","[ydr]\barracoqs10.ytyp","hash_F42FD8BE","hash_5614CAD9","","defined"
"chapadao","hash_3D48133C","HASH_3D48133C","direct","","[ydr]\pequenaescada_02.ydr","","","matched"
"chapadao","hash_3D48133C","HASH_3D48133C","Drawable","[ytyp]\detailrua1.ytyp","hash_3D48133C","props","","defined"
"chapadao","hash_CEF38A2C","HASH_CEF38A2C","unknown","","","","","native_or_missing"
"chapadao","hash_29F3F9D1","HASH_29F3F9D1","unknown","","","","","native_or_missing"
"chapadao","hash_8A805EF9","HASH_8A805EF9","unknown","","","","","native_or_missing"
"chapadao","hash_1795A065","HASH_1795A065","unknown","","","","","native_or_missing"
"chapadao","hash_977523E5","HASH_977523E5","unknown","","","","","native_or_missing"
"chapadao","hash_D5C0BC07","HASH_D5C0BC07","unknown","","","","","native_or_missing"
"chapadao","ruaquebradashop_obsvt","HASH_6B81B3F2","direct","","[mapas]\chapadao\ruaquebradashop_obsvt.ydr","","","matched"
"chapadao","ruaquebradashop_obsvt","HASH_6B81B3F2","Drawable","[mapas]\chapadao\ruaquebradashop_obsvt.ytyp","hash_6B81B3F2","hash_7D490B95","hash_6B81B3F2","defined"
"chapadao","hash_5138A3F6","HASH_5138A3F6","direct","","[ydr]\adegavb.ydr","","","matched"
"chapadao","hash_5138A3F6","HASH_5138A3F6","Drawable","[ydr]\barracoqs10.ytyp","hash_5138A3F6","hash_29E5B098","hash_5138A3F6","defined"
"chapadao","hash_2B3FF42A","HASH_2B3FF42A","unknown","","","","","native_or_missing"
"chapadao","hash_197D50A5","HASH_197D50A5","unknown","","","","","native_or_missing"
"chapadao","hash_639AB390","HASH_639AB390","unknown","","","","","native_or_missing"
"chapadao","hash_77DAF401","HASH_77DAF401","unknown","","","","","native_or_missing"
"chapadao","hash_3D724E0E","HASH_3D724E0E","unknown","","","","","native_or_missing"
"chapadao","hash_2F8B2BE6","HASH_2F8B2BE6","unknown","","","","","native_or_missing"
"chapadao","hash_D1FAF0C3","HASH_D1FAF0C3","unknown","","","","","native_or_missing"
"chapadao","hash_36400ACA","HASH_36400ACA","unknown","","","","","native_or_missing"
"chapadao","hash_E4B0AE85","HASH_E4B0AE85","unknown","","","","","native_or_missing"
"chapadao","hash_720736E5","HASH_720736E5","unknown","","","","","native_or_missing"
"chapadao","hash_BD097953","HASH_BD097953","unknown","","","","","native_or_missing"
"chapadao","hash_FAB5C4DF","HASH_FAB5C4DF","unknown","","","","","native_or_missing"
"chapadao","hash_5CB60CFE","HASH_5CB60CFE","unknown","","","","","native_or_missing"
"chapadao","hash_DFEEAD02","HASH_DFEEAD02","unknown","","","","","native_or_missing"
"chapadao","hash_6FD256CD","HASH_6FD256CD","unknown","","","","","native_or_missing"
"chapadao","hash_6DC45B7A","HASH_6DC45B7A","unknown","","","","","native_or_missing"
"chapadao","hash_7AB9FD81","HASH_7AB9FD81","unknown","","","","","native_or_missing"
"chapadao","hash_93D669C6","HASH_93D669C6","unknown","","","","","native_or_missing"
"chapadao","hash_E2EB322B","HASH_E2EB322B","unknown","","","","","native_or_missing"
"chapadao","hash_552846A4","HASH_552846A4","unknown","","","","","native_or_missing"
"chapadao","hash_1EA37333","HASH_1EA37333","unknown","","","","","native_or_missing"
"chapadao","hash_054258E1","HASH_054258E1","unknown","","","","","native_or_missing"
"chapadao","hash_6738BE12","HASH_6738BE12","unknown","","","","","native_or_missing"
"chapadao","hash_123C0A89","HASH_123C0A89","unknown","","","","","native_or_missing"
"chapadao","hash_FFA54E54","HASH_FFA54E54","unknown","","","","","native_or_missing"
"chapadao","hash_45EFE1AA","HASH_45EFE1AA","unknown","","","","","native_or_missing"
"chapadao","hash_4F9B5697","HASH_4F9B5697","direct","","[ydr]\madeiravb3.ydr","","","matched"
"chapadao","hash_4F9B5697","HASH_4F9B5697","Drawable","[ydr]\barracoqs10.ytyp","hash_4F9B5697","hash_4F9B5697","hash_4F9B5697","defined"
"chapadao","hash_99730BEA","HASH_99730BEA","unknown","","","","","native_or_missing"
"chapadao","hash_282E1D9C","HASH_282E1D9C","unknown","","","","","native_or_missing"
"chapadao","hash_2D4768B4","HASH_2D4768B4","unknown","","","","","native_or_missing"
"chapadao","hash_C18B8FA3","HASH_C18B8FA3","unknown","","","","","native_or_missing"
"chapadao","hash_629741CD","HASH_629741CD","unknown","","","","","native_or_missing"
"chapadao","hash_5293CC8D","HASH_5293CC8D","unknown","","","","","native_or_missing"
"chapadao","hash_5571173D","HASH_5571173D","unknown","","","","","native_or_missing"
"chapadao","hash_0119735D","HASH_0119735D","unknown","","","","","native_or_missing"
"chapadao","hash_FFDC3B30","HASH_FFDC3B30","unknown","","","","","native_or_missing"
"chapadao","hash_8FD0E6B3","HASH_8FD0E6B3","unknown","","","","","native_or_missing"
"chapadao","hash_CF9537F8","HASH_CF9537F8","direct","","[ydr]\zant_tenda_bar.ydr","","","matched"
"chapadao","hash_CF9537F8","HASH_CF9537F8","Drawable","[ydr]\barracoqs10.ytyp","hash_CF9537F8","hash_CF9537F8","hash_CF9537F8","defined"
"chapadao","hash_CF9537F8","HASH_CF9537F8","Drawable","[ydr]\barracoqs10.ytyp","hash_CF9537F8","hash_99D2BF12","hash_CF9537F8","defined"
"chapadao","hash_DE4B50DE","HASH_DE4B50DE","unknown","","","","","native_or_missing"
"chapadao","hash_43E09D33","HASH_43E09D33","unknown","","","","","native_or_missing"
"chapadao","hash_D339FA18","HASH_D339FA18","direct","","[ydr]\vbweed.ydr","","","matched"
"chapadao","hash_D339FA18","HASH_D339FA18","Drawable","[ydr]\barracoqs10.ytyp","hash_D339FA18","hash_69D05E84","hash_D339FA18","defined"
"chapadao","hash_D65F8233","HASH_D65F8233","direct","","[ydr]\armavb3.ydr","","","matched"
"chapadao","hash_D65F8233","HASH_D65F8233","Drawable","[ydr]\barracoqs10.ytyp","hash_D65F8233","hash_B96BEB8D","hash_D65F8233","defined"
"chapadao","hash_1C4CCDBC","HASH_1C4CCDBC","direct","","[ydr]\vbweed4.ydr","","","matched"
"chapadao","hash_1C4CCDBC","HASH_1C4CCDBC","Drawable","[ydr]\barracoqs10.ytyp","hash_1C4CCDBC","hash_69D05E84","hash_1C4CCDBC","defined"
"chapadao","hash_363F01BC","HASH_363F01BC","direct","","[ydr]\vbweed3.ydr","","","matched"
"chapadao","hash_363F01BC","HASH_363F01BC","Drawable","[ydr]\barracoqs10.ytyp","hash_363F01BC","hash_69D05E84","hash_363F01BC","defined"
"chapadao","hash_FE83922A","HASH_FE83922A","direct","","[ydr]\vbweed7.ydr","","","matched"
"chapadao","hash_FE83922A","HASH_FE83922A","Drawable","[ydr]\barracoqs10.ytyp","hash_FE83922A","hash_69D05E84","hash_FE83922A","defined"
"chapadao","hash_5B0F4B28","HASH_5B0F4B28","direct","","[ydr]\vbweed8.ydr","","","matched"
"chapadao","hash_5B0F4B28","HASH_5B0F4B28","Drawable","[ydr]\barracoqs10.ytyp","hash_5B0F4B28","hash_69D05E84","hash_5B0F4B28","defined"
"chapadao","hash_8AE99900","HASH_8AE99900","unknown","","","","","native_or_missing"
"chapadao","hash_ECDEAF31","HASH_ECDEAF31","direct","","[ydr]\armavb2.ydr","","","matched"
"chapadao","hash_ECDEAF31","HASH_ECDEAF31","Drawable","[ydr]\barracoqs10.ytyp","hash_ECDEAF31","hash_B96BEB8D","hash_ECDEAF31","defined"
"chapadao","hash_0AFF8C6C","HASH_0AFF8C6C","unknown","","","","","native_or_missing"
"chapadao","hash_8DD89F56","HASH_8DD89F56","unknown","","","","","native_or_missing"
"chapadao","hash_9970981E","HASH_9970981E","unknown","","","","","native_or_missing"
"chapadao","hash_68804D6B","HASH_68804D6B","unknown","","","","","native_or_missing"
"chapadao","hash_8A9ADA75","HASH_8A9ADA75","unknown","","","","","native_or_missing"
"chapadao","hash_4FABBD01","HASH_4FABBD01","unknown","","","","","native_or_missing"
"chapadao","hash_10181D02","HASH_10181D02","unknown","","","","","native_or_missing"
"chapadao","hash_CDA08267","HASH_CDA08267","unknown","","","","","native_or_missing"
"chapadao","hash_44C08BCD","HASH_44C08BCD","direct","","[ydr]\barbeariavb3.ydr","","","matched"
"chapadao","hash_44C08BCD","HASH_44C08BCD","Drawable","[ydr]\barracoqs10.ytyp","hash_44C08BCD","hash_29E5B098","hash_44C08BCD","defined"
"chapadao","hash_E444E61B","HASH_E444E61B","unknown","","","","","native_or_missing"
"chapadao","hash_55AC9488","HASH_55AC9488","unknown","","","","","native_or_missing"
"chapadao","hash_D656F75A","HASH_D656F75A","direct","","[ydr]\qsbalcao2.ydr","","","matched"
"chapadao","hash_D656F75A","HASH_D656F75A","Drawable","[ytyp]\cs_hlun_lod.ytyp","hash_D656F75A","hash_D656F75A","hash_D656F75A","defined"
"chapadao","hash_111091F7","HASH_111091F7","unknown","","","","","native_or_missing"
"chapadao","hash_7786A8DA","HASH_7786A8DA","unknown","","","","","native_or_missing"
"chapadao","hash_E9CE5291","HASH_E9CE5291","unknown","","","","","native_or_missing"
"chapadao","hash_C2FBD300","HASH_C2FBD300","unknown","","","","","native_or_missing"
"chapadao","hash_714D93AE","HASH_714D93AE","unknown","","","","","native_or_missing"
"chapadao","hash_0C0B5A28","HASH_0C0B5A28","unknown","","","","","native_or_missing"
"chapadao","hash_A5B043AD","HASH_A5B043AD","unknown","","","","","native_or_missing"
"chapadao","hash_2F71C090","HASH_2F71C090","unknown","","","","","native_or_missing"
"chapadao","hash_D6FDC209","HASH_D6FDC209","unknown","","","","","native_or_missing"
"chapadao","hash_9D42A76E","HASH_9D42A76E","unknown","","","","","native_or_missing"
"chapadao","hash_2831CEA8","HASH_2831CEA8","unknown","","","","","native_or_missing"
"chapadao","hash_328EE362","HASH_328EE362","unknown","","","","","native_or_missing"
"chapadao","hash_05A6F052","HASH_05A6F052","unknown","","","","","native_or_missing"
"chapadao","hash_B52DB6CC","HASH_B52DB6CC","direct","","[ydr]\qsv_51_clothing03red.ydr","","","matched"
"chapadao","hash_B52DB6CC","HASH_B52DB6CC","Drawable","[ydr]\qs_props.ytyp","hash_B52DB6CC","hash_B82851B1","hash_B52DB6CC","defined"
"chapadao","hash_159F9649","HASH_159F9649","direct","","[ydr]\qsv_51_clothing08red.ydr","","","matched"
"chapadao","hash_159F9649","HASH_159F9649","Drawable","[ydr]\qs_props.ytyp","hash_159F9649","hash_B82851B1","hash_159F9649","defined"
"chapadao","hash_FAF08169","HASH_FAF08169","direct","","[ydr]\qs_graf_10.ydr","","","matched"
"chapadao","hash_E8D9CFEC","HASH_E8D9CFEC","unknown","","","","","native_or_missing"
"chapadao","hash_A430B2F9","HASH_A430B2F9","direct","","[ydr]\quebradashopgraf486.ydr","","","matched"
"chapadao","hash_A430B2F9","HASH_A430B2F9","Drawable","[ytyp]\quebradashopgraf.ytyp","hash_A430B2F9","hash_A430B2F9","hash_A430B2F9","defined"
"chapadao","hash_F6B0BE54","HASH_F6B0BE54","direct","","[ydr]\quebradashopgraf260.ydr","","","matched"
"chapadao","hash_F6B0BE54","HASH_F6B0BE54","Drawable","[ytyp]\quebradashopgraf.ytyp","hash_F6B0BE54","hash_F6B0BE54","hash_F6B0BE54","defined"
"chapadao","hash_86ECC869","HASH_86ECC869","direct","","[ydr]\quebradashopgraf287.ydr","","","matched"
"chapadao","hash_86ECC869","HASH_86ECC869","Drawable","[ytyp]\quebradashopgraf.ytyp","hash_86ECC869","hash_86ECC869","hash_86ECC869","defined"
"chapadao","hash_722FA28E","HASH_722FA28E","unknown","","","","","native_or_missing"
"chapadao","hash_0F6D8395","HASH_0F6D8395","unknown","","","","","native_or_missing"
"chapadao","hash_06818471","HASH_06818471","unknown","","","","","native_or_missing"
"chapadao","hash_F8275B68","HASH_F8275B68","unknown","","","","","native_or_missing"
"chapadao","hash_968A47D1","HASH_968A47D1","unknown","","","","","native_or_missing"
"chapadao","hash_8FA37B54","HASH_8FA37B54","unknown","","","","","native_or_missing"
"chapadao","hash_57D26786","HASH_57D26786","direct","","[ydr]\quebradashopgraf502.ydr","","","matched"
"chapadao","hash_57D26786","HASH_57D26786","Drawable","[ytyp]\quebradashopgraf.ytyp","hash_57D26786","hash_57D26786","hash_57D26786","defined"
"chapadao","hash_8F085317","HASH_8F085317","unknown","","","","","native_or_missing"
"chapadao","hash_FED3366D","HASH_FED3366D","direct","","[ydr]\quebradashopgraf516.ydr","","","matched"
"chapadao","hash_FED3366D","HASH_FED3366D","Drawable","[ytyp]\quebradashopgraf.ytyp","hash_FED3366D","hash_FED3366D","hash_FED3366D","defined"
"chapadao","hash_8CE9D1B4","HASH_8CE9D1B4","direct","","[ydr]\quebradashopgraf506.ydr","","","matched"
"chapadao","hash_8CE9D1B4","HASH_8CE9D1B4","Drawable","[ytyp]\quebradashopgraf.ytyp","hash_8CE9D1B4","hash_8CE9D1B4","hash_8CE9D1B4","defined"
"chapadao","hash_8F33260A","HASH_8F33260A","unknown","","","","","native_or_missing"
"chapadao","hash_31213FC4","HASH_31213FC4","direct","","[ydr]\quebradashop49.ydr","","","matched"
"chapadao","hash_31213FC4","HASH_31213FC4","Drawable","[ytyp]\favela_quebradashop.ytyp","hash_31213FC4","hash_DAC99FC2","hash_31213FC4","defined"
"chapadao","hash_BA525FD5","HASH_BA525FD5","direct","","[ydr]\qsbalcao.ydr","","","matched"
"chapadao","hash_BA525FD5","HASH_BA525FD5","Drawable","[ytyp]\cs_hlun_lod.ytyp","hash_BA525FD5","hash_BA525FD5","hash_BA525FD5","defined"
"chapadao","hash_D62E53EC","HASH_D62E53EC","direct","","[ydr]\madeiravb.ydr","","","matched"
"chapadao","hash_D62E53EC","HASH_D62E53EC","Drawable","[ytyp]\detailrua1.ytyp","hash_D62E53EC","hash_B77608F1","hash_D62E53EC","defined"
"chapadao","hash_37FA28BA","HASH_37FA28BA","direct","","[ydr]\quebradashopgraf512.ydr","","","matched"
"chapadao","hash_37FA28BA","HASH_37FA28BA","Drawable","[ytyp]\quebradashopgraf.ytyp","hash_37FA28BA","hash_37FA28BA","hash_37FA28BA","defined"
"chapadao","hash_A38D9617","HASH_A38D9617","unknown","","","","","native_or_missing"
"chapadao","hash_BE4C9620","HASH_BE4C9620","unknown","","","","","native_or_missing"
"chapadao","hash_B388538B","HASH_B388538B","unknown","","","","","native_or_missing"
"chapadao","hash_44969529","HASH_44969529","unknown","","","","","native_or_missing"
"chapadao","hash_E8722058","HASH_E8722058","unknown","","","","","native_or_missing"
"chapadao","hash_B6CF545F","HASH_B6CF545F","unknown","","","","","native_or_missing"
"chapadao","hash_4D7BEC84","HASH_4D7BEC84","unknown","","","","","native_or_missing"
"chapadao","hash_20DA9342","HASH_20DA9342","unknown","","","","","native_or_missing"
"chapadao","hash_F5D66055","HASH_F5D66055","unknown","","","","","native_or_missing"
"chapadao","hash_8DDFA3F8","HASH_8DDFA3F8","unknown","","","","","native_or_missing"
"chapadao","hash_C7CCD065","HASH_C7CCD065","unknown","","","","","native_or_missing"
"chapadao","hash_9D087086","HASH_9D087086","unknown","","","","","native_or_missing"
"chapadao","hash_45FD4590","HASH_45FD4590","unknown","","","","","native_or_missing"
"chapadao","hash_A3460206","HASH_A3460206","unknown","","","","","native_or_missing"
"chapadao","hash_96B18390","HASH_96B18390","unknown","","","","","native_or_missing"
"chapadao","hash_90EEAA12","HASH_90EEAA12","unknown","","","","","native_or_missing"
"chapadao","hash_5ECC1D4C","HASH_5ECC1D4C","unknown","","","","","native_or_missing"
"chapadao","hash_C43EDDF5","HASH_C43EDDF5","direct","","[ydr]\quebradafiltro.ydr","","","matched"
"chapadao","hash_C43EDDF5","HASH_C43EDDF5","Drawable","[ytyp]\detailrua1.ytyp","hash_C43EDDF5","hash_C43EDDF5","hash_C43EDDF5","defined"
"chapadao","hash_431FE24E","HASH_431FE24E","unknown","","","","","native_or_missing"
"chapadao","hash_54BBA095","HASH_54BBA095","unknown","","","","","native_or_missing"
"chapadao","hash_FCBD0D4E","HASH_FCBD0D4E","unknown","","","","","native_or_missing"
"chapadao","hash_E0495463","HASH_E0495463","unknown","","","","","native_or_missing"
"chapadao","hash_55B2BF3C","HASH_55B2BF3C","unknown","","","","","native_or_missing"
"chapadao","hash_F2DF798F","HASH_F2DF798F","unknown","","","","","native_or_missing"
"chapadao","hash_265B608E","HASH_265B608E","unknown","","","","","native_or_missing"
"chapadao","hash_53B73C6E","HASH_53B73C6E","unknown","","","","","native_or_missing"
"chapadao","hash_1B8CA8AD","HASH_1B8CA8AD","unknown","","","","","native_or_missing"
"chapadao","hash_EC5D832A","HASH_EC5D832A","unknown","","","","","native_or_missing"
"chapadao","hash_0CF7495E","HASH_0CF7495E","unknown","","","","","native_or_missing"
"chapadao","hash_D6E7CA5B","HASH_D6E7CA5B","unknown","","","","","native_or_missing"
"chapadao","hash_759556E9","HASH_759556E9","unknown","","","","","native_or_missing"
"chapadao","hash_279332BF","HASH_279332BF","unknown","","","","","native_or_missing"
"chapadao","hash_472B7116","HASH_472B7116","unknown","","","","","native_or_missing"
"chapadao","hash_1213B24D","HASH_1213B24D","unknown","","","","","native_or_missing"
"chapadao","hash_A6D90846","HASH_A6D90846","unknown","","","","","native_or_missing"
"chapadao","hash_3746E69A","HASH_3746E69A","unknown","","","","","native_or_missing"
"chapadao","hash_AC31734A","HASH_AC31734A","unknown","","","","","native_or_missing"
"chapadao","hash_83EDA4D2","HASH_83EDA4D2","unknown","","","","","native_or_missing"
"chapadao","hash_25C64399","HASH_25C64399","unknown","","","","","native_or_missing"
"chapadao","hash_13351F02","HASH_13351F02","unknown","","","","","native_or_missing"
"chapadao","hash_4584C2EB","HASH_4584C2EB","direct","","[ydr]\quebradashopgraf501.ydr","","","matched"
"chapadao","hash_4584C2EB","HASH_4584C2EB","Drawable","[ytyp]\quebradashopgraf.ytyp","hash_4584C2EB","hash_4584C2EB","hash_4584C2EB","defined"
"chapadao","hash_03531933","HASH_03531933","direct","","[ydr]\quebradashop_lojas.ydr","","","matched"
"chapadao","hash_03531933","HASH_03531933","Drawable","[ytyp]\favela_quebradashop.ytyp","hash_03531933","hash_29E5B098","hash_03531933","defined"
"chapadao","hash_5ACF37C5","HASH_5ACF37C5","unknown","","","","","native_or_missing"
"chapadao","hash_A99AB95C","HASH_A99AB95C","direct","","[ydr]\qsv_51_clothing05red.ydr","","","matched"
"chapadao","hash_A99AB95C","HASH_A99AB95C","Drawable","[ydr]\qs_props.ytyp","hash_A99AB95C","hash_B82851B1","hash_A99AB95C","defined"
"chapadao","hash_DDDFB65A","HASH_DDDFB65A","direct","","[ydr]\qsv_52_clothing02red.ydr","","","matched"
"chapadao","hash_DDDFB65A","HASH_DDDFB65A","Drawable","[ydr]\qs_props.ytyp","hash_DDDFB65A","hash_312550B7","hash_DDDFB65A","defined"
"chapadao","hash_AF9FEF8F","HASH_AF9FEF8F","unknown","","","","","native_or_missing"
"chapadao","hash_15AB6BAB","HASH_15AB6BAB","unknown","","","","","native_or_missing"
"chapadao","hash_13196BFD","HASH_13196BFD","unknown","","","","","native_or_missing"
"chapadao","hash_AD95334C","HASH_AD95334C","unknown","","","","","native_or_missing"
"chapadao","hash_4E0465DE","HASH_4E0465DE","unknown","","","","","native_or_missing"
"chapadao","hash_F5710873","HASH_F5710873","unknown","","","","","native_or_missing"
"chapadao","hash_A966A43D","HASH_A966A43D","unknown","","","","","native_or_missing"
"chapadao","hash_BC72609B","HASH_BC72609B","unknown","","","","","native_or_missing"
"chapadao","hash_DF8F715D","HASH_DF8F715D","unknown","","","","","native_or_missing"
"chapadao","hash_DC57E60C","HASH_DC57E60C","unknown","","","","","native_or_missing"
"chapadao","hash_2ECB4F2A","HASH_2ECB4F2A","unknown","","","","","native_or_missing"
"chapadao","hash_24A89E8F","HASH_24A89E8F","unknown","","","","","native_or_missing"
"chapadao","hash_94FFCAE4","HASH_94FFCAE4","unknown","","","","","native_or_missing"
"chapadao","hash_7B80C9D8","HASH_7B80C9D8","unknown","","","","","native_or_missing"
"chapadao","hash_495CB792","HASH_495CB792","unknown","","","","","native_or_missing"
"chapadao","hash_F2387F42","HASH_F2387F42","unknown","","","","","native_or_missing"
"chapadao","hash_95D7B61F","HASH_95D7B61F","unknown","","","","","native_or_missing"
"chapadao","hash_5E36B0B3","HASH_5E36B0B3","unknown","","","","","native_or_missing"
"chapadao","hash_4619B6B4","HASH_4619B6B4","unknown","","","","","native_or_missing"
"chapadao","hash_B0D53C85","HASH_B0D53C85","unknown","","","","","native_or_missing"
"chapadao","hash_96990175","HASH_96990175","unknown","","","","","native_or_missing"
"chapadao","hash_CF821D72","HASH_CF821D72","unknown","","","","","native_or_missing"
"chapadao","hash_0E29D51A","HASH_0E29D51A","direct","","[ydr]\quebradashopgraf515.ydr","","","matched"
"chapadao","hash_0E29D51A","HASH_0E29D51A","Drawable","[ytyp]\quebradashopgraf.ytyp","hash_0E29D51A","hash_0E29D51A","hash_0E29D51A","defined"
"chapadao","hash_9EB7754F","HASH_9EB7754F","direct","","[ydr]\quebradashopgraf503.ydr","","","matched"
"chapadao","hash_9EB7754F","HASH_9EB7754F","Drawable","[ytyp]\quebradashopgraf.ytyp","hash_9EB7754F","hash_9EB7754F","hash_9EB7754F","defined"
"chapadao","hash_8C24D146","HASH_8C24D146","direct","","[ydr]\quebradashopgraf519.ydr","","","matched"
"chapadao","hash_8C24D146","HASH_8C24D146","Drawable","[ytyp]\quebradashopgraf.ytyp","hash_8C24D146","hash_8C24D146","hash_8C24D146","defined"
"chapadao","hash_94FAC2BD","HASH_94FAC2BD","direct","","[ydr]\placaqsimov.ydr","","","matched"
"chapadao","hash_94FAC2BD","HASH_94FAC2BD","Drawable","[ytyp]\detailrua1.ytyp","hash_94FAC2BD","hash_94FAC2BD","hash_94FAC2BD","defined"
"chapadao","hash_A12FFE0B","HASH_A12FFE0B","direct","","[ydr]\vbmototaxi.ydr","","","matched"
"chapadao","hash_A12FFE0B","HASH_A12FFE0B","Drawable","[ydr]\barracoqs10.ytyp","hash_A12FFE0B","hash_B77608F1","hash_A12FFE0B","defined"
"chapadao","hash_C2339364","HASH_C2339364","unknown","","","","","native_or_missing"
"chapadao","hash_0808CDB3","HASH_0808CDB3","unknown","","","","","native_or_missing"
"chapadao","hash_2ACF481A","HASH_2ACF481A","unknown","","","","","native_or_missing"
"chapadao","hash_D3C2F298","HASH_D3C2F298","unknown","","","","","native_or_missing"
"chapadao","hash_B1A9C764","HASH_B1A9C764","unknown","","","","","native_or_missing"
"chapadao","hash_6309FDF9","HASH_6309FDF9","unknown","","","","","native_or_missing"
"chapadao","hash_7D81F60B","HASH_7D81F60B","unknown","","","","","native_or_missing"
"chapadao","hash_64015B84","HASH_64015B84","unknown","","","","","native_or_missing"
"chapadao","hash_E500CCC5","HASH_E500CCC5","unknown","","","","","native_or_missing"
"chapadao","hash_76E9F095","HASH_76E9F095","unknown","","","","","native_or_missing"
"chapadao","hash_146EABA0","HASH_146EABA0","unknown","","","","","native_or_missing"
"chapadao","hash_F9F1D0AD","HASH_F9F1D0AD","unknown","","","","","native_or_missing"
"chapadao","hash_DC1F5D6A","HASH_DC1F5D6A","unknown","","","","","native_or_missing"
"chapadao","hash_809225F9","HASH_809225F9","unknown","","","","","native_or_missing"
"chapadao","hash_1FF3CC2E","HASH_1FF3CC2E","unknown","","","","","native_or_missing"
"chapadao","hash_3DD687F3","HASH_3DD687F3","unknown","","","","","native_or_missing"
"chapadao","hash_88476B1F","HASH_88476B1F","unknown","","","","","native_or_missing"
"chapadao","hash_FC205949","HASH_FC205949","unknown","","","","","native_or_missing"
"chapadao","hash_3F49EF87","HASH_3F49EF87","unknown","","","","","native_or_missing"
"chapadao","hash_042DF94C","HASH_042DF94C","unknown","","","","","native_or_missing"
"chapadao","hash_42F45560","HASH_42F45560","unknown","","","","","native_or_missing"
"chapadao","hash_C71F2E9C","HASH_C71F2E9C","unknown","","","","","native_or_missing"
"chapadao","hash_EEEFB5EC","HASH_EEEFB5EC","unknown","","","","","native_or_missing"
"chapadao","hash_F25FE3FD","HASH_F25FE3FD","unknown","","","","","native_or_missing"
"chapadao","hash_77036097","HASH_77036097","direct","","[ydr]\quebradashopgraf491.ydr","","","matched"
"chapadao","hash_77036097","HASH_77036097","Drawable","[ytyp]\quebradashopgraf.ytyp","hash_77036097","hash_77036097","hash_77036097","defined"
"chapadao","hash_AAEE0EA4","HASH_AAEE0EA4","direct","","[ydr]\quebradashopgraf518.ydr","","","matched"
"chapadao","hash_AAEE0EA4","HASH_AAEE0EA4","Drawable","[ytyp]\quebradashopgraf.ytyp","hash_AAEE0EA4","hash_AAEE0EA4","hash_AAEE0EA4","defined"
"chapadao","hash_23C67335","HASH_23C67335","direct","","[ydr]\casa48vb.ydr","","","matched"
"chapadao","hash_23C67335","HASH_23C67335","Drawable","[ydr]\barracoqs10.ytyp","hash_23C67335","hash_B77608F1","hash_23C67335","defined"
"chapadao","hash_9F15FBAA","HASH_9F15FBAA","unknown","","","","","native_or_missing"
"chapadao","hash_4685EDAA","HASH_4685EDAA","unknown","","","","","native_or_missing"
"chapadao","hash_1A602D38","HASH_1A602D38","direct","","[ydr]\piaqs.ydr","","","matched"
"chapadao","hash_1A602D38","HASH_1A602D38","Drawable","[ytyp]\cs_hlun_lod.ytyp","hash_1A602D38","hash_0CFA2398","hash_1A602D38","defined"
"chapadao","hash_BCFA2220","HASH_BCFA2220","direct","","[ydr]\fav_qs_botijao.ydr","","","matched"
"chapadao","hash_BCFA2220","HASH_BCFA2220","Drawable","[ytyp]\favela_qs_props.ytyp","hash_BCFA2220","hash_7D490B95","hash_BCFA2220","defined"
"chapadao","hash_FDE2D663","HASH_FDE2D663","unknown","","","","","native_or_missing"
"chapadao","hash_47F7E505","HASH_47F7E505","unknown","","","","","native_or_missing"
"chapadao","hash_6AB042A0","HASH_6AB042A0","unknown","","","","","native_or_missing"
"chapadao","hash_D8FCFF6B","HASH_D8FCFF6B","unknown","","","","","native_or_missing"
"chapadao","hash_A87654F7","HASH_A87654F7","unknown","","","","","native_or_missing"
"chapadao","hash_5CAAF1F3","HASH_5CAAF1F3","unknown","","","","","native_or_missing"
"chapadao","hash_78159F02","HASH_78159F02","unknown","","","","","native_or_missing"
"chapadao","hash_1156E5EE","HASH_1156E5EE","unknown","","","","","native_or_missing"
"chapadao","hash_CA167027","HASH_CA167027","unknown","","","","","native_or_missing"
"chapadao","hash_8DDD6161","HASH_8DDD6161","unknown","","","","","native_or_missing"
"chapadao","hash_0AB2963D","HASH_0AB2963D","unknown","","","","","native_or_missing"
"chapadao","hash_8FA532A4","HASH_8FA532A4","unknown","","","","","native_or_missing"
"chapadao","hash_F3ECF077","HASH_F3ECF077","unknown","","","","","native_or_missing"
"chapadao","hash_53B68FC2","HASH_53B68FC2","unknown","","","","","native_or_missing"
"chapadao","hash_D2FA2297","HASH_D2FA2297","unknown","","","","","native_or_missing"
"chapadao","hash_650CE999","HASH_650CE999","unknown","","","","","native_or_missing"
"chapadao","hash_A9A738EC","HASH_A9A738EC","unknown","","","","","native_or_missing"
"chapadao","hash_C000659E","HASH_C000659E","unknown","","","","","native_or_missing"
"chapadao","hash_8971B95F","HASH_8971B95F","unknown","","","","","native_or_missing"
"chapadao","hash_0124DF10","HASH_0124DF10","unknown","","","","","native_or_missing"
"chapadao","hash_BEF0473F","HASH_BEF0473F","unknown","","","","","native_or_missing"
"chapadao","hash_C8408A39","HASH_C8408A39","direct","","[ydr]\ts_mesa.ydr","","","matched"
"chapadao","hash_C8408A39","HASH_C8408A39","Drawable","[ytyp]\detailrua1.ytyp","hash_C8408A39","hash_D5F97325","hash_C8408A39","defined"
"chapadao","hash_B6818EE0","HASH_B6818EE0","unknown","","","","","native_or_missing"
"chapadao","hash_77442AC5","HASH_77442AC5","unknown","","","","","native_or_missing"
"chapadao","hash_BCD3C766","HASH_BCD3C766","unknown","","","","","native_or_missing"
"chapadao","hash_64B70896","HASH_64B70896","unknown","","","","","native_or_missing"
"chapadao","hash_12D72725","HASH_12D72725","unknown","","","","","native_or_missing"
"chapadao","hash_4C65AC56","HASH_4C65AC56","unknown","","","","","native_or_missing"
"chapadao","hash_DA8E1DD7","HASH_DA8E1DD7","unknown","","","","","native_or_missing"
"chapadao","hash_B9319CBB","HASH_B9319CBB","unknown","","","","","native_or_missing"
"chapadao","hash_E7F10145","HASH_E7F10145","unknown","","","","","native_or_missing"
"chapadao","hash_CC8478D8","HASH_CC8478D8","unknown","","","","","native_or_missing"
"chapadao","hash_6A278629","HASH_6A278629","unknown","","","","","native_or_missing"
"chapadao","hash_720CBDE5","HASH_720CBDE5","unknown","","","","","native_or_missing"
"chapadao","hash_A26133FA","HASH_A26133FA","unknown","","","","","native_or_missing"
"chapadao","hash_28B22A76","HASH_28B22A76","unknown","","","","","native_or_missing"
"chapadao","hash_AB11CC80","HASH_AB11CC80","unknown","","","","","native_or_missing"
"chapadao","hash_69F24B9A","HASH_69F24B9A","unknown","","","","","native_or_missing"
"chapadao","hash_8E9E5130","HASH_8E9E5130","unknown","","","","","native_or_missing"
"chapadao","hash_0BE54BBC","HASH_0BE54BBC","unknown","","","","","native_or_missing"
"chapadao","hash_2B1E3BFB","HASH_2B1E3BFB","unknown","","","","","native_or_missing"
"chapadao","hash_A0AC6A83","HASH_A0AC6A83","unknown","","","","","native_or_missing"
"chapadao","hash_D7764161","HASH_D7764161","unknown","","","","","native_or_missing"
"chapadao","hash_FCC16AA4","HASH_FCC16AA4","unknown","","","","","native_or_missing"
"chapadao","hash_B7668240","HASH_B7668240","unknown","","","","","native_or_missing"
"chapadao","hash_575A2F3B","HASH_575A2F3B","unknown","","","","","native_or_missing"
"chapadao","hash_41740612","HASH_41740612","unknown","","","","","native_or_missing"
"chapadao","hash_7E27D7D5","HASH_7E27D7D5","unknown","","","","","native_or_missing"
"chapadao","hash_4486B0AA","HASH_4486B0AA","unknown","","","","","native_or_missing"
"chapadao","hash_A988CF47","HASH_A988CF47","unknown","","","","","native_or_missing"
"chapadao","hash_B4ACA704","HASH_B4ACA704","unknown","","","","","native_or_missing"
"chapadao","hash_E143B9B2","HASH_E143B9B2","unknown","","","","","native_or_missing"
"chapadao","hash_A284D099","HASH_A284D099","unknown","","","","","native_or_missing"
"chapadao","hash_B592140F","HASH_B592140F","unknown","","","","","native_or_missing"
"chapadao","hash_41835DC0","HASH_41835DC0","unknown","","","","","native_or_missing"
"chapadao","hash_06501A20","HASH_06501A20","unknown","","","","","native_or_missing"
"chapadao","hash_25DCFEEA","HASH_25DCFEEA","unknown","","","","","native_or_missing"
"chapadao","hash_BD511D34","HASH_BD511D34","unknown","","","","","native_or_missing"
"chapadao","hash_3A0B02DD","HASH_3A0B02DD","unknown","","","","","native_or_missing"
"chapadao","hash_006EB022","HASH_006EB022","unknown","","","","","native_or_missing"
"chapadao","hash_5A6DE403","HASH_5A6DE403","unknown","","","","","native_or_missing"
"chapadao","hash_810CD329","HASH_810CD329","unknown","","","","","native_or_missing"
"chapadao","hash_115D9EA5","HASH_115D9EA5","unknown","","","","","native_or_missing"
"chapadao","hash_0C84273A","HASH_0C84273A","direct","","[ydr]\qs_quadro7.ydr","","","matched"
"chapadao","hash_0C84273A","HASH_0C84273A","Drawable","[ydr]\qs_quadro.ytyp","hash_0C84273A","hash_F5EA76E1","hash_0C84273A","defined"
"chapadao","hash_BDE777B6","HASH_BDE777B6","unknown","","","","","native_or_missing"
"chapadao","hash_9FED6275","HASH_9FED6275","unknown","","","","","native_or_missing"
"chapadao","hash_D5A1C54D","HASH_D5A1C54D","unknown","","","","","native_or_missing"
"chapadao","hash_E710E170","HASH_E710E170","direct","","[ydr]\rug.ydr","","","matched"
"chapadao","hash_E710E170","HASH_E710E170","Drawable","[ytyp]\detailrua1.ytyp","hash_E710E170","","hash_440D6E5B","defined"
"chapadao","hash_C8EA97E8","HASH_C8EA97E8","direct","","[ydr]\casa72vb.ydr","","","matched"
"chapadao","hash_C8EA97E8","HASH_C8EA97E8","Drawable","[ydr]\barracoqs10.ytyp","hash_C8EA97E8","hash_29E5B098","hash_C8EA97E8","defined"
"chapadao","hash_240D3E4B","HASH_240D3E4B","unknown","","","","","native_or_missing"
"chapadao","hash_4CF1D3AA","HASH_4CF1D3AA","unknown","","","","","native_or_missing"
"chapadao","hash_5AAEEF24","HASH_5AAEEF24","unknown","","","","","native_or_missing"
"chapadao","hash_F715A7F3","HASH_F715A7F3","unknown","","","","","native_or_missing"
"chapadao","hash_65F70E37","HASH_65F70E37","unknown","","","","","native_or_missing"
"chapadao","hash_1C785C45","HASH_1C785C45","unknown","","","","","native_or_missing"
"chapadao","hash_AD4B5EAC","HASH_AD4B5EAC","unknown","","","","","native_or_missing"
"chapadao","hash_CC23D613","HASH_CC23D613","unknown","","","","","native_or_missing"
"chapadao","hash_DF23E8CF","HASH_DF23E8CF","unknown","","","","","native_or_missing"
"chapadao","hash_D55333F2","HASH_D55333F2","unknown","","","","","native_or_missing"
"chapadao","hash_DFA2DA8E","HASH_DFA2DA8E","unknown","","","","","native_or_missing"
"chapadao","hash_42D06D20","HASH_42D06D20","unknown","","","","","native_or_missing"
"chapadao","hash_D8373AEC","HASH_D8373AEC","unknown","","","","","native_or_missing"
"chapadao","hash_FFC427B6","HASH_FFC427B6","unknown","","","","","native_or_missing"
"chapadao","hash_2FB9C728","HASH_2FB9C728","direct","","[ydr]\quebradashophouse1_ext.ydr","","","matched"
"chapadao","hash_2FB9C728","HASH_2FB9C728","Drawable","[ytyp]\quebradashophouse1.ytyp","hash_2FB9C728","hash_DAC99FC2","hash_2FB9C728","defined"
"chapadao","hash_0D0D42F5","HASH_0D0D42F5","MLO","[ytyp]\quebradashophouse1.ytyp","hash_0D0D42F5","","models","defined"
"chapadao","hash_DE7E09EC","HASH_DE7E09EC","unknown","","","","","native_or_missing"
"chapadao","hash_243885C6","HASH_243885C6","unknown","","","","","native_or_missing"
"chapadao","hash_5B5C4263","HASH_5B5C4263","unknown","","","","","native_or_missing"
"chapadao","hash_C81484D2","HASH_C81484D2","unknown","","","","","native_or_missing"
"chapadao","hash_4588FA79","HASH_4588FA79","unknown","","","","","native_or_missing"
"chapadao","hash_720018B7","HASH_720018B7","unknown","","","","","native_or_missing"
"chapadao","hash_40072599","HASH_40072599","unknown","","","","","native_or_missing"
"chapadao","hash_8449BD4A","HASH_8449BD4A","unknown","","","","","native_or_missing"
"chapadao","hash_F9EA03A0","HASH_F9EA03A0","unknown","","","","","native_or_missing"
"chapadao","hash_89DC8609","HASH_89DC8609","unknown","","","","","native_or_missing"
"chapadao","hash_D43057F3","HASH_D43057F3","unknown","","","","","native_or_missing"
"chapadao","hash_4B660CCA","HASH_4B660CCA","unknown","","","","","native_or_missing"
"chapadao","hash_FCCD5B08","HASH_FCCD5B08","unknown","","","","","native_or_missing"
"chapadao","hash_9AAD20AF","HASH_9AAD20AF","unknown","","","","","native_or_missing"
"chapadao","hash_D2EB2682","HASH_D2EB2682","unknown","","","","","native_or_missing"
"chapadao","hash_E3D37913","HASH_E3D37913","unknown","","","","","native_or_missing"
"chapadao","hash_588E0D1A","HASH_588E0D1A","unknown","","","","","native_or_missing"
"chapadao","hash_4A9482CE","HASH_4A9482CE","unknown","","","","","native_or_missing"
"chapadao","hash_779BFA7C","HASH_779BFA7C","unknown","","","","","native_or_missing"
"chapadao","hash_E567D04B","HASH_E567D04B","unknown","","","","","native_or_missing"
"chapadao","hash_A9435803","HASH_A9435803","unknown","","","","","native_or_missing"
"chapadao","hash_AFE36543","HASH_AFE36543","unknown","","","","","native_or_missing"
"chapadao","hash_37D1509B","HASH_37D1509B","unknown","","","","","native_or_missing"
"chapadao","hash_F14FA119","HASH_F14FA119","unknown","","","","","native_or_missing"
"chapadao","hash_3D3EC7AE","HASH_3D3EC7AE","unknown","","","","","native_or_missing"
"chapadao","hash_E8AC7F0F","HASH_E8AC7F0F","unknown","","","","","native_or_missing"
"chapadao","hash_FEA3B216","HASH_FEA3B216","unknown","","","","","native_or_missing"
"chapadao","hash_93BDB700","HASH_93BDB700","unknown","","","","","native_or_missing"
"chapadao","hash_FDB000EC","HASH_FDB000EC","unknown","","","","","native_or_missing"
"chapadao","hash_569DE903","HASH_569DE903","unknown","","","","","native_or_missing"
"chapadao","hash_69F4BD2C","HASH_69F4BD2C","unknown","","","","","native_or_missing"
"chapadao","hash_0FCFCE48","HASH_0FCFCE48","unknown","","","","","native_or_missing"
"chapadao","hash_A2163C3B","HASH_A2163C3B","unknown","","","","","native_or_missing"
"chapadao","hash_903A9884","HASH_903A9884","unknown","","","","","native_or_missing"
"chapadao","hash_D73527E5","HASH_D73527E5","unknown","","","","","native_or_missing"
"chapadao","hash_49378A7F","HASH_49378A7F","unknown","","","","","native_or_missing"
"chapadao","hash_ECF0D1EF","HASH_ECF0D1EF","unknown","","","","","native_or_missing"
"chapadao","hash_77D2A0F8","HASH_77D2A0F8","direct","","[mapas]\chapadao\espetinho\quebradashop_espetinho_ext.ydr","","","matched"
"chapadao","hash_77D2A0F8","HASH_77D2A0F8","direct","","[ydr]\quebradashop_espetinho_ext.ydr","","","matched"
"chapadao","hash_77D2A0F8","HASH_77D2A0F8","Drawable","[mapas]\chapadao\espetinho\quebradashop_espetinho.ytyp","hash_77D2A0F8","hash_29E5B098","hash_77D2A0F8","defined"
"chapadao","hash_895A9564","HASH_895A9564","MLO","[mapas]\chapadao\espetinho\quebradashop_espetinho.ytyp","hash_895A9564","","models","defined"
"chapadao","hash_A3DCA28D","HASH_A3DCA28D","direct","","[ydr]\quebradashopfarmts_ext.ydr","","","matched"
"chapadao","hash_A3DCA28D","HASH_A3DCA28D","Drawable","[ytyp]\quebradashopfarmts.ytyp","hash_A3DCA28D","hash_5BD1F89C","hash_A3DCA28D","defined"
"chapadao","hash_BBA2AE97","HASH_BBA2AE97","MLO","[ytyp]\quebradashopfarmts.ytyp","hash_BBA2AE97","","models","defined"
