"Map","Scope","RelativePath","Extension","Bytes","SHA256"
"chapadao","exclusive","[mapas]\[favelatunel]\quebradashoprua_tunnel.ytyp",".ytyp","1230","B3A77F4E3562B867DF26921E40ACDE6833F6C4527DBFBB9827572BEB6818D25F"
"chapadao","exclusive","[mapas]\chapadao\_manifestfavelacomercioschapadao.ymf",".ymf","1580","A18BDE19D57740D45CC471B7AEEBFC5DA19B53A69AF9CF163A583D1175F00C24"
"chapadao","exclusive","[mapas]\chapadao\_manifestmlochapadao.ymf",".ymf","944","70DF7BCB6231C83AE660766EAA754AEB1AC807BA5FC415BDE43F29CC703A3F7D"
"chapadao","exclusive","[mapas]\chapadao\6.dds",".dds","174880","E58CCAA6315D1F04C1206A29C136116B4E65D2E7575436CE0C8213363D9F046A"
"chapadao","exclusive","[mapas]\chapadao\75b211b8615bbbf58a36e452b41edaf0.dds",".dds","349648","C9D9D92408B317F150AC9376A0C7F0912423CBC1FC4B8C08CE9AA2FFA15747A0"
"chapadao","exclusive","[mapas]\chapadao\a946115f672942fc4a640426c38671f0.dds",".dds","349648","21140633A4130E09F00ECFC8B5028F7A87060B8B2D2FA5461ABF9958A4C1B848"
"chapadao","exclusive","[mapas]\chapadao\apa_ch2_02_critical_2.ymap",".ymap","19092","7BE2B1C0F50AD59C0DFC88F3A3A408842FECE422EAA9E4BA1DB43EAF1D9B8DE8"
"chapadao","exclusive","[mapas]\chapadao\apa_ch2_02_critical_3.ymap",".ymap","14842","1E4B612AA263DDBFCEA5CB357FB1049A810A246CDED7F63A50C844F36C53CF39"
"chapadao","exclusive","[mapas]\chapadao\apa_ch2_02_long_1.ymap",".ymap","20828","A741FD762795701C8386395472CEB556AD7AB7AAC528B30DFCA47468117FC8E8"
"chapadao","exclusive","[mapas]\chapadao\apa_ch2_02_strm_7.ymap",".ymap","17287","DA37CBF9AA75CD2BE905107A50DB4C09E993E0A969E3AB10ADF5B96D0098D5EB"
"chapadao","exclusive","[mapas]\chapadao\apa_ch2_02b_long_0.ymap",".ymap","20406","03EAA8E4C468D0D600F28ADDC53BE72FBED0C68227DEA4710C83ABF0122CDF60"
"chapadao","exclusive","[mapas]\chapadao\apa_ch2_02b_long_2.ymap",".ymap","19922","03D8B84180F96E5D3A34564E0FFD8333AD20C498AB019FF73D9F6C6EDF9E137A"
"chapadao","exclusive","[mapas]\chapadao\apa_ch2_02b_strm_0.ymap",".ymap","18592","FC80D55F9CD26CA86F8CFC1EFF9FB452E5C1FB75C3BC1D0057BE14126246BA34"
"chapadao","exclusive","[mapas]\chapadao\ch2_02_19.ybn",".ybn","194648","B09BC347941936EA04232412AFF38516EF856E0394A3D02EA6BAE10D443EB172"
"chapadao","exclusive","[mapas]\chapadao\ch2_02b_4.ybn",".ybn","348275","4BE9B88F660BFF4C5E8EED2BE8310A4D28C12109F95EE6C48E904259C93095CC"
"chapadao","exclusive","[mapas]\chapadao\comercio\adegavbchapadao.ymap",".ymap","2487","4153E5A5C949C482E75BEC45DAE3D5C4AFAD61085FE61EF645A9BADBD70D235C"
"chapadao","exclusive","[mapas]\chapadao\comercio\bailechapadao2.ymap",".ymap","3664","D1DD10FD7C0C69E75AB522FD47AEB6FAAE6D55DD2128DDFE13DD4BF8128DC8B9"
"chapadao","exclusive","[mapas]\chapadao\comercio\barbearianovachapadao.ymap",".ymap","2523","23E8FF64F991E3B88CEF70EAF08FE0FE7A5468153CADBA43B8AEF0573E736631"
"chapadao","exclusive","[mapas]\chapadao\comercio\barlojachapadao.ymap",".ymap","2643","931248B7DD2478445FDA5686DDB9BFBDE7C0A8E02281E92E3EE71FCED1709764"
"chapadao","exclusive","[mapas]\chapadao\comercio\conjuntodelojaschapadao.ymap",".ymap","2575","B31F3B968B67235F70D523E1E6EA13FFE34C619E37D6A476A7A142AC685B3989"
"chapadao","exclusive","[mapas]\chapadao\comercio\conjuntodelojaschapadao2.ymap",".ymap","2095","31D19E2B5120E804A89AE759F7B8BC8A03D895C9A3CF67C51C0987FD82E753F3"
"chapadao","exclusive","[mapas]\chapadao\comercio\mototaxichapadaol.ymap",".ymap","2039","8048C0C372713BBA208273A093E263C8FF4A8BB1C1D72949E9BB319218E561CF"
"chapadao","exclusive","[mapas]\chapadao\comercio\novacasabombachapadao.ymap",".ymap","3599","E354643E796B4043E13D10F1A8A25EA8D90CEECB16946BD4AD752D06B307A5B3"
"chapadao","exclusive","[mapas]\chapadao\comercio\pizzariavbchapadao.ymap",".ymap","2010","0C371F2785B537E7D6BEB10444CC4A299A3C11A04BCC20CC630E632A991D90B8"
"chapadao","exclusive","[mapas]\chapadao\comercio\quebradashophousechapadao_milo_.ymap",".ymap","1234","1A64A35C92FB63D55C5784E07B1D47E5C375762FDE02B39659F99448009CC0A1"
"chapadao","exclusive","[mapas]\chapadao\comercio\restaurantechapadao.ymap",".ymap","2886","4CDF1F6C9ACD47A9ACF236F64CA33A30539259624356EC3F449707AE3959FAE6"
"chapadao","exclusive","[mapas]\chapadao\complexodochapadao.ymap",".ymap","32433","624ADC9C1660D1EE9A55A90C98F5D99DC89694CE1820AB6BC611C5C5E4A3B057"
"chapadao","exclusive","[mapas]\chapadao\complexodochapadao_occ.ymap",".ymap","4594","E3D900FB4AED90DFCBBF0DC1900316A559DEE643113C03B730923E39DA66E4CE"
"chapadao","exclusive","[mapas]\chapadao\espetinho\_manifestmloespetinho.ymf",".ymf","648","2ADDDFFD5EEA34FAF88C96C619DEB3465DBFED527DA4E28465FD1166C1A038AA"
"chapadao","exclusive","[mapas]\chapadao\espetinho\ah_hckbarwllpan1big.dds",".dds","174888","B4D249E1EEC2899392D3E1CD35D24EF9318E3AF8756EE9188ABF565CD9BA7752"
"chapadao","exclusive","[mapas]\chapadao\espetinho\ah_hicksbartopnew2big.dds",".dds","174888","2EB2B010D982AD5DCF4261D861C635CF05127BB848BC6072557D2C2F57200BCB"
"chapadao","exclusive","[mapas]\chapadao\espetinho\ah_pntwdtl.dds",".dds","43816","4DEFEF7AA8604005F6DA3456DCA542FF8BF31F999217722C0EAFD9375C19513C"
"chapadao","exclusive","[mapas]\chapadao\espetinho\gz_v_fa_wood01.dds",".dds","87504","CE82E2CBD0FF99BFC3E41002C48357EC7F66B647D32FD5866DC9D419DE29E3DF"
"chapadao","exclusive","[mapas]\chapadao\espetinho\lona_toldo.dds",".dds","87504","527A91B8F2248D90EB2922757928B417B66425B35D2F9FD2688354532D9DA0F1"
"chapadao","exclusive","[mapas]\chapadao\espetinho\mh_v_trev_bathroomlight_d.dds",".dds","11048","C293F3F9BE5F1756EB9A1B4BF2DAB9C69D75B0CC5C5A751D57D9F684AC898FFF"
"chapadao","exclusive","[mapas]\chapadao\espetinho\quebradashop_espetinho.ytyp",".ytyp","2807","82A5D040B6A2869BFA0310BE0FBBC0FB3FD0F1242B728D553EAC9FDD52C8E015"
"chapadao","exclusive","[mapas]\chapadao\espetinho\quebradashop_espetinho_col.ybn",".ybn","53103","B735C4AF3E94BFE54906F15D392D9A860F3512B4A2A1B53A182FF0632195939C"
"chapadao","exclusive","[mapas]\chapadao\espetinho\quebradashop_espetinho_ext.ydr",".ydr","111599","4219C1C6A3DDF87E3E94D04AC16FD1C363CCE3918E80062290084A44227FECA5"
"chapadao","exclusive","[mapas]\chapadao\espetinho\quebradashop_espetinho_milo_.ymap",".ymap","1227","1CBA6811C7D2F0E88BF5A8A724F4B327C37C2CCB8EE7838D2646C3507E6DC82C"
"chapadao","exclusive","[mapas]\chapadao\espetinho\quebradashop_espetinho_shell.ydr",".ydr","429327","ACBFD70C3A033DEC756F3D451DE77A3B17283093299D331DC16C82CD7ED65479"
"chapadao","exclusive","[mapas]\chapadao\farmnovo\quebradashopfarmts_milo_.ymap",".ymap","1227","57A515993D067EBEF2B6DB5C8D239A0A49368F7403765EFD93E5756DF073AA78"
"chapadao","exclusive","[mapas]\chapadao\imagem_2025-01-23_163635718.dds",".dds","349648","0914B12824FFDAD8552A3F54B29AFC137E8F7DC5FCD8893C4E88B37D79A40A6E"
"chapadao","exclusive","[mapas]\chapadao\imagem_2025-02-16_230846795.dds",".dds","349648","A589E6395CE7500FBC276AEE1ACAFDCCC34EA7122EFEDF35201FAF68C8F8AF7D"
"chapadao","exclusive","[mapas]\chapadao\imagem_2025-02-16_232309138.dds",".dds","349648","09B2EE139CB3D99159029D3263BF0D46D0F13E9EF153944484F0A64B09E196B9"
"chapadao","exclusive","[mapas]\chapadao\imagem_2025-02-16_234405135.dds",".dds","349648","D30CD30ACC267BEC3B9A1AE175BF3E68BD95B49E46A5181E3E5DEF5AA6F7A9F3"
"chapadao","exclusive","[mapas]\chapadao\imagem_2025-02-16_234639243.dds",".dds","349648","1F841501AC8F037FFB3F3DDA9F936C13D10733A41F3E4D36118F219DD7014129"
"chapadao","exclusive","[mapas]\chapadao\imagem_2025-02-16_235514899.dds",".dds","349648","3CE151A908096617FFB4B3B5597C9446B916F8455F3068F652DB37B7DC5B2612"
"chapadao","exclusive","[mapas]\chapadao\imagem_2025-02-16_235824612.dds",".dds","349648","50BDB2CE50B2D9D55E45ECCA26A887CED1150451BD53671977C948722DF8A651"
"chapadao","exclusive","[mapas]\chapadao\imagem_2025-02-17_002310296.dds",".dds","349648","119AC565854FF45D039197FCA4BA4818E41B25140EFF5BB3A38BE5DE04E4BEDB"
"chapadao","exclusive","[mapas]\chapadao\KB3D_FAV_MetalPaintedRed_basecolor.dds",".dds","349648","C13D1261CD4AED24438CA389FB36D6B4917B9478B0A657760903931F7D90F544"
"chapadao","exclusive","[mapas]\chapadao\KB3D_FAV_MetalPaintedYellow_basecolor.dds",".dds","349648","5C9F3C793468417C55B8253A76F3F879A342E83CD548C7357DE44CDCB3554B9E"
"chapadao","exclusive","[mapas]\chapadao\respeitopraquemtemqs.dds",".dds","349648","3F4F5C9060183739C4C68CE04BB66E59921734A5A973628D79CCAE2EB85E3E60"
"chapadao","exclusive","[mapas]\chapadao\ruaquebradashop_obsvt.ydr",".ydr","2725944","0ED99E6BAC360FD5E2214FB9FDF2314322E92D98B6492F6ED14F24C8F6267523"
"chapadao","exclusive","[mapas]\chapadao\ruaquebradashop_obsvt.ymap",".ymap","1152","8CDB94B617F4DB6003B0CA146EF475B6BA282E940548D2A19DE8F67E71DAA74E"
"chapadao","exclusive","[mapas]\chapadao\ruaquebradashop_obsvt.ytyp",".ytyp","504","C8BDC14AC9636F0140784F59034F23F175B7E0E479A8B57DA15FEFA8D7B26750"
"chapadao","exclusive","[mapas]\chapadao\ruaquebradashop_obsvt_col.ybn",".ybn","522828","A127F3CCE4994E1212EE3DE991396292C28348A9078DA0992D4C7D260A572AC8"
"chapadao","exclusive","[ydr]\1quebradashop_predinho2.ydr",".ydr","226992","1A422514F5AA099C56F877C025659B4CDB2E34A90D921FB4C5E6EA057CCC8E85"
"chapadao","exclusive","[ydr]\academaiqs_praca.ydr",".ydr","346875","A210BC8FDC7276967497A80C2F7E777846DF8B4B364049E7214EB42F8E8EAB94"
"chapadao","exclusive","[ydr]\adegavb.ydr",".ydr","480567","067C7BACBA08158901FDB78E8B3DDFB931AD0A136474A9D164C459FC7B9EBEC6"
"chapadao","exclusive","[ydr]\barbeariavb3.ydr",".ydr","339507","C8F747B0BB75346E79E935ECEEE66F9E36253AEF1B49FDB604641171F5311E7F"
"chapadao","exclusive","[ydr]\basevb.ydr",".ydr","22989","13731C72557725A0EED60403BB926C8CC8AD501AC9D42C1C60C73869ED54E747"
"chapadao","exclusive","[ydr]\basevb5.ydr",".ydr","34797","F4037FB3254B876FFD751C1A3631579AFAB46248BCE929CF5FCA19C26FDF2DF6"
"chapadao","exclusive","[ydr]\basevb9.ydr",".ydr","2276","718B1E9E24F1A4A1EA32869255D72EE1F7F63BC87DC6CA14D325874555DF8460"
"chapadao","exclusive","[ydr]\brinquedovb.ydr",".ydr","93040","AFF88196D3FE8A9A90561D44CC856FE9D6B0E540AB79D25A4257875355074E7E"
"chapadao","exclusive","[ydr]\cadeiraferrovb.ydr",".ydr","51613","1DFEC1F5165119AE5109AB7811603597C5F8B2EB04AE6B3E92F034A206852B90"
"chapadao","exclusive","[ydr]\caixaqs.ydr",".ydr","144835","781DD11C5874F6A5FF51B3E89099822358150842E2AD313B20C8AADDCADC8FCA"
"chapadao","exclusive","[ydr]\casa104vb.ydr",".ydr","64367","9872FF9B11A547358FA9F23C9016C25BA0721DCA0A38AA09F8328BE2CD80C8C1"
"chapadao","exclusive","[ydr]\casa109vb.ydr",".ydr","53142","6E12F8B74B38D514743ED447505E7CE18F6348F3B248BC848A93AFE76A3934C6"
"chapadao","exclusive","[ydr]\casa119vb.ydr",".ydr","87395","044B3658AD329BF28049079EE40319469B5F73BADF553CB188C38AFA70E2596D"
"chapadao","exclusive","[ydr]\casa122vb.ydr",".ydr","55273","024B17B89699E1CD0807E416CEFBB3FB3076DE6617F7BF386CE5FA5B72F62EC6"
"chapadao","exclusive","[ydr]\casa129vba.ydr",".ydr","65168","80DE3EDF631CD537F16F39770AE34461B79DEBFA11EED8B89F69FFAA0DD6018C"
"chapadao","exclusive","[ydr]\casa132vb.ydr",".ydr","72453","3B0309B5D84237068EA1992640A786702D90607453D3ABE3AA7E922D55AC2265"
"chapadao","exclusive","[ydr]\casa133vb.ydr",".ydr","94766","7C54671B9EFE03309264BF74B6CF9AB1AC9B4DDF24BAA68B17C30AC508581CEB"
"chapadao","exclusive","[ydr]\casa150vb.ydr",".ydr","232662","FA2EA5F4FA682B19521A69CD704159E068A3C93749A7648DC2B6CA82F40CDC0A"
"chapadao","exclusive","[ydr]\casa151vb.ydr",".ydr","189771","AA9436188417F79605776B0526473353500556BE7F5CA758912D780C5B2C4AC7"
"chapadao","exclusive","[ydr]\casa156vb.ydr",".ydr","90580","EC669F19B7C1AB88FCFF3FB8794E6545A4ADEAE34DB20473D89AE9609431E292"
"chapadao","exclusive","[ydr]\casa48vb.ydr",".ydr","299096","C30849B39E055A7B9D17887AAEC2D76DDBC2BAC43AEC5E4CAB4B2D55CDFEA1B7"
"chapadao","exclusive","[ydr]\casa62vb.ydr",".ydr","15969","36942C542F6C90F22F2D9D0FB83A4D5CF35F201F29844A9697B95F6CF68E3A54"
"chapadao","exclusive","[ydr]\casa66vb.ydr",".ydr","33482","2A68401F96396E427E886E651C09661C0915BA0CFE31097844F47630CA6E6023"
"chapadao","exclusive","[ydr]\casa99vb.ydr",".ydr","58946","BEA58482B52AD5C934DF67A13A9BD5379EA835E9FAE4AACAEE94844BBD56ED5E"
"chapadao","exclusive","[ydr]\comercio10vb.ydr",".ydr","201060","C4EA46551AC2FA448EA06F858EA618B49769418235DB5E5B096D1A4C0629D518"
"chapadao","exclusive","[ydr]\comercio14vb.ydr",".ydr","169915","BEC8B1465C56799F825A9615D92F9B819E1B8C3CA79B5CBEC7D87120422AAF82"
"chapadao","exclusive","[ydr]\comercio16vb.ydr",".ydr","126610","EBD239A13C52F2BB08539364CC1E555F33A36CCCB2F1612EFAE35A2CFB685CD2"
"chapadao","exclusive","[ydr]\comercio6vb.ydr",".ydr","194582","A5B5963AB3D2BA823725AFE466B79A944CD651631C7CC1B207951B754738A0B9"
"chapadao","exclusive","[ydr]\escada_02.ydr",".ydr","15402","93BF4A40396F5B19D2EA576CBB0D106866E4E127038BA8A7887463638D0FC83A"
"chapadao","exclusive","[ydr]\espetinhovb.ydr",".ydr","160410","67C7FFF480831467E172704632BCC31AEC4EFFE3A59620C2409220072B3F4992"
"chapadao","exclusive","[ydr]\gradepalco.ydr",".ydr","531576","35A840CFDB57E7156D26F1C609E276CDE114EC4C2C322A64C10E7120A8AFA6E4"
"chapadao","exclusive","[ydr]\madeiravb.ydr",".ydr","1040","5C54DBFAD026F73478EB8609F960AE57D9D2F8F425FCBAA9860DCE46A5DA3BAD"
"chapadao","exclusive","[ydr]\madeiravb3.ydr",".ydr","124399","9B1546A5324F827EE146F1A233DBA3FE69B7FA61E92519FBC817DC06A140D12D"
"chapadao","exclusive","[ydr]\mesaferrovb.ydr",".ydr","7364","BFE0017622EE9E1B2CC96719EB21597763CCAE79082510C302455FFCF25807D9"
"chapadao","exclusive","[ydr]\palco_qs.ydr",".ydr","773672","EE68B0163F1616138CC5BF127495070E1ABC7993C18985D9400C1DB5C629B031"
"chapadao","exclusive","[ydr]\parque.ydr",".ydr","631694","213E93FA857DFBDE4EB79A4D2729CB56CFF264B56E3BABB5BD1679ACF32144B7"
"chapadao","exclusive","[ydr]\pequenaescada_02.ydr",".ydr","10390","A83852D4CD4B9C4473B580B96F298A451D9EC6B3D8EA2A4BCADAC35CF59C42BA"
"chapadao","exclusive","[ydr]\piaqs.ydr",".ydr","115320","6DD5A7BB31C775C556409E48B32943528D9C6C98BC3D5403A2851E38EAEE47D8"
"chapadao","exclusive","[ydr]\placaqsimov.ydr",".ydr","171775","2BA2870167145EC67BFFDD14D666BFAEF14C8E59F60BD06575C47C07576B65E7"
"chapadao","exclusive","[ydr]\predinho12vb.ydr",".ydr","117173","F1476D109003DAEE83E70389FAEC28B13177773666276342646240E010E32B1B"
"chapadao","exclusive","[ydr]\predinho12vb1.ydr",".ydr","117169","37F5C66C0EA4682FA402F903A5B78CDD03AC35A1D688F4580DFAFEFA9D746CD7"
"chapadao","exclusive","[ydr]\predinho12vb2.ydr",".ydr","117167","F865422444E0D652B19FE9B8DB4AAE7AA92301A359A84F9F4DAACD8517BF483C"
"chapadao","exclusive","[ydr]\predinho12vb3.ydr",".ydr","117175","84327C46919C5CB82A302222F90CF5A32F9CC4DE9BB70E7F90D9098BA1B4B6EE"
"chapadao","exclusive","[ydr]\predinhovb2.ydr",".ydr","173808","B3D8051995D59D240D0F80C56BDB2FE11A62EACF5B016D5F656874C217A93AC8"
"chapadao","exclusive","[ydr]\predinhovb2a.ydr",".ydr","173829","8F8E26E43144CAB99E5005E5C86F48BAA5B8DCA0DDD3D1DEA1AA1E07AAFD49F2"
"chapadao","exclusive","[ydr]\predinhovb2b.ydr",".ydr","173834","A9DB9B69DBE4AE7E16FB23831D0DBCF7D98EA0AE1E3F60E2DB114246DFF36849"
"chapadao","exclusive","[ydr]\predinhovb2c.ydr",".ydr","173810","2A0AC4C6A88BDE1F35EC4ED0F84BF279BF8C504B862CBF6CC8133225AB741B58"
"chapadao","exclusive","[ydr]\qs_graf_10.ydr",".ydr","490","048AAAE899D2C7F957C91024724A15A452D2B698E4F592E08A34E54F88E7EB82"
"chapadao","exclusive","[ydr]\qs25.ydr",".ydr","97792","EB1EC24E1EDEE6695624BB9488F693B4E4C5D400508743B5ADCCE2B6A66D5F7C"
"chapadao","exclusive","[ydr]\qs28d.ydr",".ydr","23831","D9ED8A4F83B20E205E3B8DA21A12ADE99EED011C924C7D2EC4F0F9B7047CBE53"
"chapadao","exclusive","[ydr]\qs44a.ydr",".ydr","43311","34FCC7FCA2B1ED112D01F35D238A57AB1DF10B7A085844E91ACB1C2399E3B7C6"
"chapadao","exclusive","[ydr]\qs44e.ydr",".ydr","43321","52715B3023D41F40B440B572C70B798EB60EB5285CC5F543A3272B2101C8AA5B"
"chapadao","exclusive","[ydr]\qs44m.ydr",".ydr","43310","BEDEA40B1FF94C0490BF066492423AA6A06957F6979F31B0BE483E137F46E16E"
"chapadao","exclusive","[ydr]\qsbarraco30.ydr",".ydr","29073","BB93D36172575EE2B89EACDD07BBA95569E3C256C88BED2C771FF5D1D59AFE79"
"chapadao","exclusive","[ydr]\qsbarraco30a.ydr",".ydr","29078","105CFB42E9D3DEC02CDFD6BB9DCB6F8FF339E388FF480F4556AF533A6990350C"
"chapadao","exclusive","[ydr]\qsbarraco35.ydr",".ydr","40929","A6555DE0ECA4C2851EA6520CE958BCC1477876281569188E7CB56670EFC300F0"
"chapadao","exclusive","[ydr]\qsbarraco35a.ydr",".ydr","40947","B7413B8990BE2B5B57FD27D97DEBF86292AB7EB6814C6248122CAE5F53CBCF14"
"chapadao","exclusive","[ydr]\qsbarraco37a.ydr",".ydr","91168","81AE84A7442742412CA57D94C1E34F9131D330A758B588080F8FBA146F700E4C"
"chapadao","exclusive","[ydr]\qsbarraco39.ydr",".ydr","69399","9E920A9BCE449705BF4C4AB0824DB63C278F30FCD5438DC95BE8C99E47BE19E5"
"chapadao","exclusive","[ydr]\qsbarraco39a.ydr",".ydr","69405","510636547C549D25FE880AC67776E6B911D90942CDB3FD829D4C013F09FE52EE"
"chapadao","exclusive","[ydr]\qsbarraco39b.ydr",".ydr","69425","7B9B8642EFAE799ADCE20D0D0B25F765754C64F9C29F12DAB9501084569A9E91"
"chapadao","exclusive","[ydr]\qsbarraco52b.ydr",".ydr","151356","37FABCABF0248F8386192912DA17DD8556DD3900CEC47A1FA707F09838E62B8D"
"chapadao","exclusive","[ydr]\qsbarraco52e.ydr",".ydr","151357","CE7F34AB7A348E3DB7B86C727B98FD37672FA03E75B8F0F57F86C17B780C91A2"
"chapadao","exclusive","[ydr]\qsbarraco57b.ydr",".ydr","36818","132CFB71056244B3ACFF74076480551DA9588FBBEB08A9DA8D393C9EC837A840"
"chapadao","exclusive","[ydr]\qsbarraco57c.ydr",".ydr","36808","7B81A101E30F0E93267FBCD79B7490B2DA185F2175978764BA3E1F3F97F8F00D"
"chapadao","exclusive","[ydr]\qsbarraco58a.ydr",".ydr","32956","2E487E8A98942FFDB94845232E86C16C67B89CA58F3CA2989D885A7472420D86"
"chapadao","exclusive","[ydr]\qsbarraco58c.ydr",".ydr","32951","A04D505BE6A2268EB08D84ADAA6181E56F58B4DA656588DC24404A09C98BBF2A"
"chapadao","exclusive","[ydr]\qsbarraco74b.ydr",".ydr","49174","06252FA3BB93F344A4A56B36BD453F187E0627A7C61979261AEB132D8749F8A6"
"chapadao","exclusive","[ydr]\qsbarraco75d.ydr",".ydr","91099","4C21387D7A3C537BD3339CADDE888E915F4CD177B49E4B7C3C5A18F5B5105640"
"chapadao","exclusive","[ydr]\qsbarraco80f.ydr",".ydr","35150","892E968379892C63B7D0459A380B6A7BF5EF12677868A81D6A0CAD5529C46C8D"
"chapadao","exclusive","[ydr]\qsbarraco81b.ydr",".ydr","26865","5E041967F844305025E0B9F948717A4E6B25D7A4610FDADA26E0A385ECF57523"
"chapadao","exclusive","[ydr]\qsbarraco81c.ydr",".ydr","26878","87D1BFD727EF6EDB602594BDEC9E7F9E638F1E5FE61658D1A3CD5DD2FD51542E"
"chapadao","exclusive","[ydr]\qsbarraco84a.ydr",".ydr","21034","11CC0241FE5A38C8BE81D0E236D085AF5EFDFCD25638705FD82FF0F0C9B874B8"
"chapadao","exclusive","[ydr]\qsbarraco85.ydr",".ydr","12797","E9974FF4116D8EE3835F7007518639279A7D8E4EB96E6F57B34DC3867B1B1089"
"chapadao","exclusive","[ydr]\qsgrade4.ydr",".ydr","12307","5C33D5F2EEEC1722461F6A7AB38331336F25F999813BE12FBC533D173E28AD35"
"chapadao","exclusive","[ydr]\qsmurinho00.ydr",".ydr","4963","C05600B5DC87848EE1EB8ABF69AD9A6C1F35FB1F77B5D70DA4467D60C8F2D49F"
"chapadao","exclusive","[ydr]\qsmurinho02.ydr",".ydr","1415","7A6294520E40BC8E2423E1FF453175C58E955A3DB8525F5222823A5085851072"
"chapadao","exclusive","[ydr]\qssom.ydr",".ydr","182589","7B158E645DB1EA9B00FD84BC9D5F2CC9DEA9F990C46BF5AED9B19E363F9CAA97"
"chapadao","exclusive","[ydr]\qsv_51_clothing03red.ydr",".ydr","1380948","5276F067424753E4620A4A4B25C450A21C272FE51F2F3A23B6EBEFCEEFBDFC6D"
"chapadao","exclusive","[ydr]\qsv_51_clothing05red.ydr",".ydr","805041","35AA489CC9548AA60E327BBCC582CD208BE104EE2516317E779BF417AFA39FA5"
"chapadao","exclusive","[ydr]\qsv_51_clothing08red.ydr",".ydr","1031107","B902DFE1C8D17C9B378FC8A7B8D721C132F70E9A3243331E959D0C537DAF1C30"
"chapadao","exclusive","[ydr]\qsv_52_clothing02red.ydr",".ydr","684394","51E9C40247DF7EDC19B83060F4629C9F113FD152F4B3A9FBB9204910D529D2F7"
"chapadao","exclusive","[ydr]\quadra3_muro.ydr",".ydr","836855","EC38EDF2B6FCF0AD1C0EE4132EC3B528B47739EE5FB39BD345003B5079351C98"
"chapadao","exclusive","[ydr]\quebradafiltro.ydr",".ydr","68594","74181ED7F2CFE2AA883FA479775F50BFA83F714E40A6B3D56BCF2B06FBDF5FE7"
"chapadao","exclusive","[ydr]\quebradashop_base.ydr",".ydr","844651","D48848BBEFCB81031EC374FA29856349DE58B7B14A57A78692933A0A0860A551"
"chapadao","exclusive","[ydr]\quebradashop_dj.ydr",".ydr","2226872","DF814F0DC8509CDCF4E6B0037E03CEF70F8A6785B789DFFAFDF5AFA60EB47C23"
"chapadao","exclusive","[ydr]\quebradashop_escada2.ydr",".ydr","29967","D14E3F63EBA8ABEF6EC9170B221D2477F14D22F830CA1CC4CD136F57FB0855E9"
"chapadao","exclusive","[ydr]\quebradashop_heliop.ydr",".ydr","166314","EACD23849228CFDF3C83CE5152472FA4AA2392D993856D6126299B89A8F4FFCE"
"chapadao","exclusive","[ydr]\quebradashop_lojas.ydr",".ydr","171810","856C524AE1889C3C22F95CDD308076C2E5436652B00E5EB98534C24756E8069B"
"chapadao","exclusive","[ydr]\quebradashop_mesadroga.ydr",".ydr","7906545","A38A1587DDC6EF8B809E68A20DFF8767EE622CAC73F34AB1F4C8252AA899B479"
"chapadao","exclusive","[ydr]\quebradashop_paredaosomt.ydr",".ydr","1726235","46C5993FE29FCDCC0D36C67FF6F9D69C5B6CDF013F7958DA66B1CE6C8D49B54C"
"chapadao","exclusive","[ydr]\quebradashop_piscina2024.ydr",".ydr","176039","3610399FC85EF001F3EC95718FB98B10FB3513A401409774C45CF822E4D78AF9"
"chapadao","exclusive","[ydr]\quebradashop_quadra5.ydr",".ydr","1472398","2476BEAFEC60A9CCD7213E872FB733F718EF6F56CA035D6AE7D0F651F4452BA3"
"chapadao","exclusive","[ydr]\quebradashop_quadra5detail.ydr",".ydr","295437","D07B4E2BB9172EB7AE967D3F9BB22D9DE1BE7564A37D8FE1CB57AA056EE6218D"
"chapadao","exclusive","[ydr]\quebradashop12f.ydr",".ydr","34503","0D02A922CEBE2136B6E0BE5B17EB07BB0974F313C768190ED6A7A044CBB6FC29"
"chapadao","exclusive","[ydr]\quebradashop13b.ydr",".ydr","49848","46FAF08555E0E9BEBD068E85E04F9F8D8D99C54244582BE907C1863BACF7C67B"
"chapadao","exclusive","[ydr]\quebradashop14.ydr",".ydr","81458","9F3014AF5F9EE8A47B93D300379EAF150ADDDBD7896C37A7AA83EECF42EF9998"
"chapadao","exclusive","[ydr]\quebradashop1e.ydr",".ydr","91843","4E279D9C6D41E10271A77F1AF26FC424F44C00FDA203394DC8B09164FFF20DD6"
"chapadao","exclusive","[ydr]\quebradashop2g.ydr",".ydr","29167","47A311D4923431BAD5DC876E588694B45022CE6A2AC089D0C067C44B2FC6DED4"
"chapadao","exclusive","[ydr]\quebradashop37.ydr",".ydr","315028","4C7BE6ED3E9D72AFEEEAD8D817A028E4CEAEDBABA54E5D4464526332A2D5AFF2"
"chapadao","exclusive","[ydr]\quebradashop38.ydr",".ydr","128979","3430DC5BA811812249A77EFAEF0FDA1366F0055398BE6F065188828DD3AC850D"
"chapadao","exclusive","[ydr]\quebradashop40.ydr",".ydr","271951","704D32971507D7921DF2CBEDB5AABA10BEAAA02ED0804443E383EE96511CC2EE"
"chapadao","exclusive","[ydr]\quebradashop45.ydr",".ydr","136061","5BECB7DA5E095A6B7C2B7BC6567CF4B267857C98E2EA7ECF6D1879608D946E15"
"chapadao","exclusive","[ydr]\quebradashop48.ydr",".ydr","161459","3F448FFBBCD61C652DC6B5E03915E5A273B64E226B8503EA6EC13FD84749DC50"
"chapadao","exclusive","[ydr]\quebradashop49.ydr",".ydr","203927","87205D6E6D311A3195FC0F4B6C90E880C4B751DB44787F0A9CF797634099A2AB"
"chapadao","exclusive","[ydr]\quebradashop50.ydr",".ydr","143078","C263FBA4E259A6AFBB97128B98FAAA4FB87C64BD44828159E336709E4C09B1F2"
"chapadao","exclusive","[ydr]\quebradashop51.ydr",".ydr","143522","07F4F7CD4992728C6F52A242B893677D9285F00430C7CCF0BF7CCFCEED248481"
"chapadao","exclusive","[ydr]\quebradashop56a.ydr",".ydr","129433","3A389C5A49090F42347EB54DBC90FF0D3B29118183C4A7341977AB4D4393C6A7"
"chapadao","exclusive","[ydr]\quebradashop57a.ydr",".ydr","46461","B09AEC6D2A71A057909D650ED1B5CBF6458A0CA5EB3A520F5A5811117F5A8698"
"chapadao","exclusive","[ydr]\quebradashop58.ydr",".ydr","120784","C36116C6AC034202BC25DB34CF76683E5FFF831D75BD4C6D1B09D56177967374"
"chapadao","exclusive","[ydr]\quebradashop59.ydr",".ydr","89509","FC80CF6564ABF85299305D207AF84BA70C320A21643C52C251F65E3E9EE5747A"
"chapadao","exclusive","[ydr]\quebradashop59a.ydr",".ydr","89551","9B53A549E4B8788CF04BF4C43018432166C50059AE41E2BDE95EDC4EFE084910"
"chapadao","exclusive","[ydr]\quebradashop5f.ydr",".ydr","36559","54A497006748BFA47D689E2289394B7FD6CFA5A37C36005044DEA1503E594D8F"
"chapadao","exclusive","[ydr]\quebradashop5g.ydr",".ydr","36557","597D088A278C9AB1759B68CEBDBE0EAF22F0C436374745438EE9D9777E631A65"
"chapadao","exclusive","[ydr]\quebradashop60a.ydr",".ydr","59662","6B1A95637614616D0543AAD046A347C662DF16DB1674A959C63456904B07BA39"
"chapadao","exclusive","[ydr]\quebradashop61a.ydr",".ydr","187069","CA8AF4A7C1E8A66EC5BE6B7C302C466AC290DEBA54C454AA82D2B47AEB099CBC"
"chapadao","exclusive","[ydr]\quebradashop62.ydr",".ydr","58237","13F0D994B6AEC8CFA7FD3C9B8B4C85CEF35C7211F135DF6CB3226B171A512559"
"chapadao","exclusive","[ydr]\quebradashop63.ydr",".ydr","174001","AA34B9FC33B7F1AD875F0AE42A82BA6EA56CC78F8AEDC4B463B40F0AFDF48F3E"
"chapadao","exclusive","[ydr]\quebradashop63a.ydr",".ydr","173893","F195E2EB67AB3113D9396D5A06470EC22FE337ECBC11ABA20A387FA2D6A01D18"
"chapadao","exclusive","[ydr]\quebradashop65a.ydr",".ydr","123469","8DED2FEE100F0E06122D6191E9B4CD16A7D0C08B0A29988F05BCDD21FDA383F4"
"chapadao","exclusive","[ydr]\quebradashop8f.ydr",".ydr","22103","127691900925D6DC2695EBAFB9A24B3B7407C067476BF9EFA21759A8B13683DB"
"chapadao","exclusive","[ydr]\quebradashopfarmts_ext.ydr",".ydr","199729","BEAD3A876ECBDF58BB82138CB731BCCFD771C3ED76F95B2CDC265896917BDB6D"
"chapadao","exclusive","[ydr]\quebradashopgraf287.ydr",".ydr","232803","FBB14B3737478347C884710A5CF00F1D96574F8920456D338E3E657F133C7521"
"chapadao","exclusive","[ydr]\quebradashopgraf40.ydr",".ydr","484","2D3FA33674028F6D4D824986E4DA58D391CB8BFF65AD20BB543B95E081917101"
"chapadao","exclusive","[ydr]\quebradashopgraf486.ydr",".ydr","188381","29C32BF7162FEBD2A79884F7272089A77D3099EDF82B940578C4E9F0D3A4DB07"
"chapadao","exclusive","[ydr]\quebradashopgraf489.ydr",".ydr","110927","CE177A99E87C1F3C5E4DE0CEC04F599AD9FF0B19B9D95460CA48ACB17A06085E"
"chapadao","exclusive","[ydr]\quebradashopgraf491.ydr",".ydr","140667","BC85B9A40C8C530D26948E41E5C1CE00806ABE41AC43E9E9E086C328FC70E573"
"chapadao","exclusive","[ydr]\quebradashopgraf501.ydr",".ydr","128948","208AB61B64266838B46B6D6A30C8F85FF874684907764EDB7286B01C5E69490D"
"chapadao","exclusive","[ydr]\quebradashopgraf502.ydr",".ydr","50536","EE2FBD341CFBD10D359A3FF8AA59D13E2C9DA2643C25E6BD0C5966484CD2D795"
"chapadao","exclusive","[ydr]\quebradashopgraf506.ydr",".ydr","422323","A866B45E3CE8441EA805FDC18EC0E69EB95948A8DD55F64BB7D3F1846F3DE52D"
"chapadao","exclusive","[ydr]\quebradashopgraf512.ydr",".ydr","140898","68EAEBFF8510764D1E2E961F046419669CD77017454A253FD2324708E0B8733B"
"chapadao","exclusive","[ydr]\quebradashopgraf515.ydr",".ydr","130771","3867EED97412A11A2F8980423A198631E04E2197BA46CBDC07E0DDA2A1F6AB99"
"chapadao","exclusive","[ydr]\quebradashopgraf516.ydr",".ydr","116279","1A75FA770C8C54EEBB39D5BBFAC76D84A7A0C895B563BD327475CFCD647D2816"
"chapadao","exclusive","[ydr]\quebradashopgraf518.ydr",".ydr","135314","9A7C56F4E04C42624698F77B12DD54F2CDA11BBD9DC1949E7FDAAA4BAB2B146D"
"chapadao","exclusive","[ydr]\quebradashopgraf519.ydr",".ydr","158531","C607FB1A7A930306F7B03DE91C62EB90754302CB631731DBCBAAF5E77CA20CA6"
"chapadao","exclusive","[ydr]\quebradashopgraf543.ydr",".ydr","140209","080FA5380DC49D7D36A21F31D203AD7AA9F0850AE87B17CC1C5F7A28B91529FF"
"chapadao","exclusive","[ydr]\quebradashopgraf544.ydr",".ydr","207953","67D35DB69F0430A814961757E100EBCD0B950287B022C08A2353423E763941F2"
"chapadao","exclusive","[ydr]\quebradashopgraf546.ydr",".ydr","218932","CD84B2F6BC177D754281CB1C80BD7CF835B27D73BFD6259F610BE7486AE3399D"
"chapadao","exclusive","[ydr]\quebradashopgraf548.ydr",".ydr","228218","5EFD5FBB78F4DDF52A5BC38F49E9B87587146E5A1DC0EBDF5E4A51B7C9BB5584"
"chapadao","exclusive","[ydr]\quebradashopgraf549.ydr",".ydr","205650","27980D829C066C15E793E4D549124118E7091F5FD29954C41288CB1942B2D6BB"
"chapadao","exclusive","[ydr]\quebradashopgraf55.ydr",".ydr","477","07AB80AA4EC45B24A28ADDEA70C32DFD67253AD38AB5249B2D46AB62DCA56887"
"chapadao","exclusive","[ydr]\quebradashopgraf554.ydr",".ydr","184448","3AFC37ABA119AB68952C489706D2411E33902C1AE924748D8BC22107A4C1D9BE"
"chapadao","exclusive","[ydr]\quebradashopgraf580.ydr",".ydr","28368","3606C5FD1401DD4A584FEDE6185DD4D5E7490AD07FBAC7031E47E00EFFF870EA"
"chapadao","exclusive","[ydr]\quebradashopgraf583.ydr",".ydr","28522","1EEA389BD1FF2ACF9FC3F82E1D455F8751F16270F2FC2BBF0C868353D4297B07"
"chapadao","exclusive","[ydr]\quebradashopgraf584.ydr",".ydr","116071","F74BF5E52CF19C152DFD82DC28F7221212EF71DE84E233B2D8729C264FE74BA9"
"chapadao","exclusive","[ydr]\quebradashopgraf588.ydr",".ydr","178704","B1162051F5D30E2FB549340A9E27CCB07B4DBD14D3E71E2384E6BDA0701BC733"
"chapadao","exclusive","[ydr]\quebradashopgraf590.ydr",".ydr","20758","9B4C589F30A0C0D0AF6FDD176AE5B785C509CA57B942A8FF2916B044ABC51853"
"chapadao","exclusive","[ydr]\quebradashopgraf592.ydr",".ydr","84672","58393473E280C94609E619CB76874886CF3EE4A7CC4728FD43668D2D68A7A2FD"
"chapadao","exclusive","[ydr]\quebradashopgraf593.ydr",".ydr","230463","5A613710B33B4A7C5B719A8F059F5F6FC77EEC5906401C2B6D0B9793AF6EAFE0"
"chapadao","exclusive","[ydr]\quebradashopgraf619.ydr",".ydr","35294","A92978FCCA1AF2390DEA16A806349A2149404DE424B32A4EB89AEF171262244C"
"chapadao","exclusive","[ydr]\quebradashopgraf63.ydr",".ydr","485","FC7D6D3574A1BA0D5299B93D6928C9ABD5F58C850941A60C3D2D5216D66897AB"
"chapadao","exclusive","[ydr]\quebradashopgraf66.ydr",".ydr","484","FF7EC52712C960666B7C6E29E8ECEF0599D45F3CAFBA9112C35BE0315D529AE5"
"chapadao","exclusive","[ydr]\quebradashophouse1_ext.ydr",".ydr","447719","D14D315D5815E34ADEA86336BE094FEEF31CD1BFC9DE9A23CC001BE226A2BFA4"
"chapadao","exclusive","[ydr]\quebradashopiscina.ydr",".ydr","50113","B474709A3A9ED1D50749202892B685641EB6F7DB488EA3292E158713EF4F6F21"
"chapadao","exclusive","[ydr]\quebradashopmurograde.ydr",".ydr","228620","A8B01EA43C92BCBD401BB3877FBE9E5243A489698916392AB7B390C95B47F1ED"
"chapadao","exclusive","[ydr]\rug.ydr",".ydr","100169","3BBBAC8E640FE4ADB7BAB3966184021C6E9F23ED2A15B6DFC4B3940C2460376B"
"chapadao","exclusive","[ydr]\ts_mesa.ydr",".ydr","5890","88D80C938C0CC720CE5AE2036C2808A27C994E9183464DDDC1A7E41AE88BC421"
"chapadao","exclusive","[ydr]\vbmototaxi.ydr",".ydr","50468","E0863E440D18E446A3E65B421FE2D409A77ABB8111D4BA41E28B78E3C8162AD8"
"chapadao","exclusive","[ydr]\vbweed3.ydr",".ydr","3001","A17EB0052D0A7F44336300D3752715B78042D075139B15DF48269683DADDE4AE"
"chapadao","exclusive","[ydr]\vbweed4.ydr",".ydr","2988","DCEB03D2886F9D3C7B0BB671441C65D8B30DB9BC1DC37AF8DB59B0BE945CEE3B"
"chapadao","exclusive","[ydr]\zant_rave_lampadasnew.ydr",".ydr","4092","EC6E1C74AB7CAE31F034C4D61659209E5C750AD71ED9FEE543361F665906FB50"
"chapadao","exclusive","[ydr]\zant_rave_poste.ydr",".ydr","4313","A307579BACE61E856C73CD4ACADBE9273A84BB9AEDDFC473EF0C727CB12B8480"
"chapadao","exclusive","[ydr]\zant_tenda_bar.ydr",".ydr","461049","B2E8340B6BE0E75390E060AE291066239A055323631B2011984B8E97CD09E63F"
"chapadao","exclusive","[yft]\quebradashop_tenda2025.yft",".yft","402504","583AD35AD51305FD27EFA907F1954D37065FC65AD6F3ABEDE88C45DAC87C1701"
"chapadao","exclusive","[yft]\quebradashop_tenda2025a.yft",".yft","591912","F967AE19F05ABA31079E7F5177FD67C144AFB3A011131CBF7AEDE3730E40CE3C"
"chapadao","exclusive","[yft]\quebradashop_tenda2025b.yft",".yft","452019","38775059AC1B78C1B44E44D6EE06886A9CB654540F2236C357BB9D00296B9ADF"
"chapadao","exclusive","[ytd]\favela_qs_casas_02.ytd",".ytd","1104111","914D784C037DF1730CA7BA327E2696D2BF6EA19FF31DFE12EF96055351658804"
"chapadao","exclusive","[ytd]\space_rave_textures.ytd",".ytd","2369225","EAF03C0BF0DEB74B54937CFC58C7A0895886E18D5F544D0E57A7922509F3E15C"
"chapadao","exclusive","[ytd]\texturarave.ytd",".ytd","441141","B358BF29AB97A8FFE22A8ECD52D7BC6C8CBCADA1B39AAFA226C2891D7515D223"
"chapadao","exclusive","[ytyp]\quebradashopfarmts.ytyp",".ytyp","5447","1D80E4C6EEE364E6E364A6BA858221A1E98BB30F5854E0D5E1E120BE96FB17D3"
"chapadao","exclusive","[ytyp]\quebradashophouse1.ytyp",".ytyp","6465","2C647F229C5FC035BAAD0306FEABBAF4A6E976B00C011EBF8ABB980362D9D24D"
"chapadao","shared","[ydr]\armavb2.ydr",".ydr","169449","C93E343B333059813BD7793DBA785BA60D56DDC094FB6D83B4194CC24BCEF8C9"
"chapadao","shared","[ydr]\armavb3.ydr",".ydr","583969","3A420915ECB79E0D5F5082AD61E3A012049E886BC2C156503E6CA6644D603133"
"chapadao","shared","[ydr]\balanco.ydr",".ydr","43624","15671F25205460214FE2E6CA2CF98505D67FE02008D82B14A9FA546FA7C026D6"
"chapadao","shared","[ydr]\barracoqs10.ytyp",".ytyp","17060","E61E2BD241FA87A1DC481FB3E4A05CE1145AAC5B6CC0D6900AAE056211C6107F"
"chapadao","shared","[ydr]\caixaqs3.ydr",".ydr","113871","8BF8B80EFB5852C1E3E5F180E97FDF7E443A9D81892F1C2009C6A4F3947346A0"
"chapadao","shared","[ydr]\casa100vb.ydr",".ydr","36361","6AAF5F4741DAC27726FE38FCF11A5116AD2BE82B28BA88BBE8FD9CC9F98FC545"
"chapadao","shared","[ydr]\casa101vb.ydr",".ydr","67413","60501714BCC219B00905FAD43825FB210AB48D6BBACC8B629A69F61544896D00"
"chapadao","shared","[ydr]\casa102vb.ydr",".ydr","34915","2536A3DB84424A91640E0CB69F32EC2185F1265E5B26E8103571F709B252D04E"
"chapadao","shared","[ydr]\casa103vba.ydr",".ydr","70069","49B36A588EE26AE323A0F0E19E4962269BDEC177871512C746ACFAC0CA2A1BBB"
"chapadao","shared","[ydr]\casa107vb.ydr",".ydr","58105","5E358E96730B1FCCB62FD2F3AB39E42929C6D8E2A7EB294982046BF7CB1550A4"
"chapadao","shared","[ydr]\casa108vb.ydr",".ydr","68752","9A93DDF3C3CA24195CC5D1AE3EC7815BA293B02A534EDB7B11D62B0EC99F658B"
"chapadao","shared","[ydr]\casa54vb.ydr",".ydr","28836","60C8967FD53BB30592AA3EF9553AAC8E146771D06B62B85658BCFFB8811B6395"
"chapadao","shared","[ydr]\casa59vb2.ydr",".ydr","99513","B891A7B377A3BFB4BE6712B3B13EDF298BA12CCA334230D0868A3C494AC27CEA"
"chapadao","shared","[ydr]\casa63vb.ydr",".ydr","100371","3EEF9BDA3562176861BA1147B1F566C53D7F973D1E1066AC3BAE98F40AB014B3"
"chapadao","shared","[ydr]\casa65vb.ydr",".ydr","66948","EA6F969EE16B115DB4D19B92CEF3E51439A5184E1B490D90A3894B0AF569D349"
"chapadao","shared","[ydr]\casa72vb.ydr",".ydr","94095","E5BEAD364BAF34C3041E38FC3D93A124D1DC1DD2B23F05D0C42CFA84023550BC"
"chapadao","shared","[ydr]\casa85vb.ydr",".ydr","62665","9B1082DC341DCA90A4339F045119BD4260B49B25FEE8527BC90C49697539EC7A"
"chapadao","shared","[ydr]\casa91vb.ydr",".ydr","63225","2FF132ADFBA54CD42686155BC5844DD7E7E4D723F5FDFE80CDB0CE8CC64E3395"
"chapadao","shared","[ydr]\casa92vb.ydr",".ydr","55169","EEA91D807E0497757D5A44715B9637A13D33F448F3F348EB4C29716BD551DBAF"
"chapadao","shared","[ydr]\casa94vb.ydr",".ydr","49026","D0F59C9E863667C70A7977FD22543840660FD1DC5636D90C1516BF0B3EFA0F28"
"chapadao","shared","[ydr]\casas.ytd",".ytd","8469327","F3263139CF02C172FD7789A4B445649847C97D377F6D8C172C2C3E48712A08A7"
"chapadao","shared","[ydr]\escada_01.ydr",".ydr","8989","815C50F799B66C9F72F36CBFF589016C22072CFA9F7EB28C5666E089D43FBABF"
"chapadao","shared","[ydr]\fav_qs_botijao.ydr",".ydr","76462","B4DA0575355C4A3EB0FFB8B00DB6B9A77D811CE21BDC84066CF236D9671ABF10"
"chapadao","shared","[ydr]\fav_qs_lombada.ydr",".ydr","49385","422B2AA7F2A2AA84426E68B7B345385EB780D47B6A8EDE6B0226C38A264C60CA"
"chapadao","shared","[ydr]\golqs.ydr",".ydr","3215","C3719164DDEEAD6907AF277AE8D3B79498D04BF77D6FDB531A766B01EBDB7EB0"
"chapadao","shared","[ydr]\poste.ydr",".ydr","290688","8A997D531D1CA2F0792280FBD62F503E45E12B9A5A6609930149DBF4C1B0DD45"
"chapadao","shared","[ydr]\qs_escada01.ydr",".ydr","7871","CE3116C425528515E907599F3C1273960A2C6C48357562CDBAE63F8E771E2FA3"
"chapadao","shared","[ydr]\qs_escada2.ydr",".ydr","2371","6DFBFEE8F3F7F1583D66A573C8FEF5B7FFA2D346F906212500B95CF1B7F7A00E"
"chapadao","shared","[ydr]\qs_escada3.ydr",".ydr","12411","2D8142775CF3C15ECB815F433B61E44FBA324FB9FC5A6D5B603FFBA64BE365E3"
"chapadao","shared","[ydr]\qs_escada4.ydr",".ydr","126963","BC67E88D3C0AF75B95400C5AD3F0F1EECA32D57598A7243B5FF6FA2E8B6CA323"
"chapadao","shared","[ydr]\qs_escada4a.ydr",".ydr","126964","03A16C9B459CBF55E5F75D07B25B01D66696B59758CC11EB24B57D4B904BAB88"
"chapadao","shared","[ydr]\qs_props.ytyp",".ytyp","1044","5E336FB21501A9044A83DD2630753462D3B98875E58E9E664C31C937BEFCD6D7"
"chapadao","shared","[ydr]\qs_quadro.ytyp",".ytyp","687","A5106C261869F478ABC1F6FA2B13BE0F0F68592EE8C5C957833C1FBC9CDFBD3F"
"chapadao","shared","[ydr]\qs_quadro7.ydr",".ydr","91085","E1456E053484FFFBFCE1F1FD8E4578C6F99BBCD18F745D838718B3B3880E329A"
"chapadao","shared","[ydr]\qs30.ydr",".ydr","54340","7C8B22080855583711D4C810FAB6643B25B5D1681675149562BF0F36A1245DD7"
"chapadao","shared","[ydr]\qs52.ydr",".ydr","142764","8794F252FE5E27C75C1DC77DEB2BE5F05D9404687EF0A1BFFABDAF0E798E817C"
"chapadao","shared","[ydr]\qsbalcao.ydr",".ydr","41401","3E3F349919E828987B4AE0E001BFB97EEC5AE74FA311B6D476D6E4598BEA26CB"
"chapadao","shared","[ydr]\qsbalcao2.ydr",".ydr","41426","30447E77FFFCDB6E44B61726971FBEA45201DC464533F4B38E701C3A4D263D73"
"chapadao","shared","[ydr]\qsbanca1.ydr",".ydr","136319","91A82FA966927CE83DCC03BBB0A2534B4DD6657E74C21AEC46057BA7BA0828C8"
"chapadao","shared","[ydr]\qsbanca2.ydr",".ydr","637329","ECE6C8CBD2848F0C27555F89C59D1DFF1FBF06AC2EC3D324600EC7F7FF8D1CB4"
"chapadao","shared","[ydr]\qsbarraco53.ydr",".ydr","39826","083A69323F226D94650539EC0DEC489DFF9E87B0EF061ACF5A578B26D01E41AF"
"chapadao","shared","[ydr]\qsbarraco74a.ydr",".ydr","49280","AEBD3174749ADE406C3D2E1338936EF41B50DD05260B4AEC862BF4D1D76F6EDF"
"chapadao","shared","[ydr]\qsgrade.ydr",".ydr","34055","73F7C0566205010119E570ADF364E83FC96115A6707A79128605CBCF1C43EB5F"
"chapadao","shared","[ydr]\qsgrade1.ydr",".ydr","39555","BB218EB203F376453E4E175AA2BED1C3322F5B5D4001EFDE8B567B2B2CB88E8E"
"chapadao","shared","[ydr]\qsgrade3.ydr",".ydr","20765","B7A6AD9F49CFBA8ABE26370CF3F3A688FACE4B434A8C65E8578E67DC011F391A"
"chapadao","shared","[ydr]\qssorvete1.ydr",".ydr","192777","E07669EF72E016D4EE12D74E369A495609A88EE20D5A01D01CB7DA55FB3C28E5"
"chapadao","shared","[ydr]\qssorvete2.ydr",".ydr","283616","56F61D7CCEBE5AE0D59DCD174D9479FBB0355E5C04E4182463227C6E193F254E"
"chapadao","shared","[ydr]\qssorvete3.ydr",".ydr","184872","A03C6E8BDFC102121D355B36A55AEEAFB3520B6B148743CD694C9E125909BF95"
"chapadao","shared","[ydr]\quebradashop_base1.ydr",".ydr","737031","3F2E399E271E9009E1910C9DE91EE4F2A94EAB7C722723D6631711E605B6DFF6"
"chapadao","shared","[ydr]\quebradashop_caveirao.ydr",".ydr","3125477","092D64304DEC79E61A0E846C9B12B0722E1AC953351D3A91BDB0E13432722AA2"
"chapadao","shared","[ydr]\quebradashop_muro1a.ydr",".ydr","4485","C97681EF9FC518A5196AE9456392C0F99234E2954370741F2A75B6CCD2E933B2"
"chapadao","shared","[ydr]\quebradashop1.ydr",".ydr","92468","8DDE59D9531D241755342102715543FF6DC345E3420CB590C255355C7E224C49"
"chapadao","shared","[ydr]\quebradashop1a.ydr",".ydr","91855","9B499CF8CD705095E6BF3E708D98AA6EBF871D90CEFED3236F0E6D6E89DF8475"
"chapadao","shared","[ydr]\quebradashopgraf105.ydr",".ydr","15484","383DA6586723FE576B8D72F7B2191092226ECB0BBE9BA82A60E6D58D70B300FE"
"chapadao","shared","[ydr]\quebradashopgraf124.ydr",".ydr","10091","8CD1EABE6B61FA4089B5A90A8C5A43B09853C9AB47C8426DB8BD313F058C7834"
"chapadao","shared","[ydr]\quebradashopgraf125.ydr",".ydr","23788","B78A3E5E1821BD4DC74C7830126F199C148ED4694BB36514BB666AC18AEAAD0F"
"chapadao","shared","[ydr]\quebradashopgraf128.ydr",".ydr","18659","CA20121BD27B06A20AC03752D1ABE8351F2530FFD3F0900F8399F0570AA98612"
"chapadao","shared","[ydr]\quebradashopgraf130.ydr",".ydr","30074","EFBC161B60B083FC5306DFA673F3B7C51FFE0FBBF7001726588E8EAEC60A420D"
"chapadao","shared","[ydr]\quebradashopgraf260.ydr",".ydr","243606","E6C7952FFA16948E1A227EC5EF04DD6A9692427F949DF22500A35949620F585A"
"chapadao","shared","[ydr]\quebradashopgraf367.ydr",".ydr","179374","7AC9AC44607E25CC492145DE5DF03E1F3DF610041F64480345E25FB38FD37F22"
"chapadao","shared","[ydr]\quebradashopgraf503.ydr",".ydr","90662","15424A6032751B179C2198677EC95C3E1C1BE3F046CE4974B2A44C3760CD5171"
"chapadao","shared","[ydr]\quebradashopgraf53.ydr",".ydr","493","079409553DA8A1187B5FF21F6E9740719B7377C3AB1530CB025256EA503FBEE7"
"chapadao","shared","[ydr]\quebradashopgraf56.ydr",".ydr","477","40CDCE65A0B463D78ABCDB62A16FD07D1F239BD5D0ED01591A556DC77478D4DC"
"chapadao","shared","[ydr]\tijoloqs.ydr",".ydr","86530","5BEA84F33798D9E1AAF1FF13587BB8F7584E51CC20111A055C3E5D5FA1D9B98E"
"chapadao","shared","[ydr]\tijoloqs1.ydr",".ydr","29893","12E2AE041E040E02A876894872507DFAC18F38F4CB05BA62DACB856704D9EC6E"
"chapadao","shared","[ydr]\trepatrepa.ydr",".ydr","66489","19C93A597F5E093E4D94E61642F8FBB6C3D3E54AFE82CE1B59E368B49490061F"
"chapadao","shared","[ydr]\vbfio2.ydr",".ydr","21852","5D27FD696F708FA6AAD7252E6C4EB59ACD335F3731632ACA9D592DA3104059D2"
"chapadao","shared","[ydr]\vbweed.ydr",".ydr","179008","5D6D0EC758E52C404BE5102A9565E9C74300CF31E180795C7DCDA9E735D92243"
"chapadao","shared","[ydr]\vbweed7.ydr",".ydr","2980","6D90B37C4E34EF191706C4C94003B5AF16BF0C81CDDC324DA8270525FCC3542A"
"chapadao","shared","[ydr]\vbweed8.ydr",".ydr","2985","6976187ACBDCFCCC6602217879207FEE39E7F5953A02C833FF687B5695F96B4F"
"chapadao","shared","[ydr]\xadrez.ydr",".ydr","49078","26220D1BBC97A8698C4CDC74E9DAD13FCDB58FCFFEA8C6187F62DAF8ABE2DD30"
"chapadao","shared","[ytd]\armas.ytd",".ytd","2107159","32B80F45A89174793B7D34D6CD18A73384E07D88B1B33DC080F281C740173583"
"chapadao","shared","[ytd]\cs_8646_lod.ytd",".ytd","9479761","CB6E253AF8793FEEE09A9505059742CFEEBB2494A08E60AE52CCBA6D6238C13D"
"chapadao","shared","[ytd]\favela_02_qs.ytd",".ytd","10773034","62C386BF85E613881148C9C71178D6D4A44494FB8560A3E43E743E1EDC3E58D2"
"chapadao","shared","[ytd]\favela_qs_casas.ytd",".ytd","5501092","5D8A793E0E660731178A4D6FE7F0D96AFC32016113813FECA68547C1CC044D08"
"chapadao","shared","[ytd]\favela_qs_props.ytd",".ytd","2350360","D1159301BB97FF1D3391F495B65EE64EA7880828ED89A991F842FC57A0FB857C"
"chapadao","shared","[ytd]\props.ytd",".ytd","285517","49D14DBB2C9C2D417A4582691705745EA78CFDE03889E3A140EA8E40E999776F"
"chapadao","shared","[ytd]\quebradashop_v3.ytd",".ytd","5800929","76BEE311CFF8A0ECA67E12641EB1FCD77818C7D12A7C0CAB9BC97F506432B009"
"chapadao","shared","[ytd]\quebradashopgrafite.ytd",".ytd","3073566","4D90E97855EA2D77E97E6D80A70C62BF93705F895124FB389FFD7F04AD36F9BD"
"chapadao","shared","[ytd]\texturasvb.ytd",".ytd","6393663","9FB5370B22FE5947212DDCF7E351C9173101485A04C859FECCFB5FA362A41357"
"chapadao","shared","[ytd]\texturasweed.ytd",".ytd","4453902","A430BD0759C4E90F068E2217E15BEF7B60717B3CC012754880CD9F860996F2D8"
"chapadao","shared","[ytyp]\cs_hlun_lod.ytyp",".ytyp","36065","E710C4D1E67054A60C53AD9938D71B581E89CE2BB8FA3E371547988F6745833E"
"chapadao","shared","[ytyp]\detailrua1.ytyp",".ytyp","9687","28AF94B49842243ED627AC6FD825CC910E695F28272E295AF9018B5E691F2B6B"
"chapadao","shared","[ytyp]\favela_qs_props.ytyp",".ytyp","4593","92559FC15DE7AF528FD85E1B5BE3D152A26025657A5F0B3D72672364558E2228"
"chapadao","shared","[ytyp]\favela_quebradashop.ytyp",".ytyp","15683","5EC0C107E041FB7C0605F5E63BD17A993BE40382973AC431A4E94D94F260DBE8"
"chapadao","shared","[ytyp]\quebradashopgraf.ytyp",".ytyp","13452","05E817BFCF0BF57307E99F9536993F6610C228726FB4DC6820B02AE55D7AEAA3"
