"Codigo","Nome","Tipo","Descricao","Peso","Economia","Limite","Raridade","Mercado","Unico","Excluivel","Imagem","ImagemExiste","ReferenciasLua","Gerado"
"a_c_cat_01","Gato","Consumível","","2.5","","","rare","true","false","true","a_c_cat_01.png","true","3","false"
"a_c_husky","Husky","Consumível","","2.5","","","rare","true","false","true","a_c_husky.png","true","3","false"
"a_c_poodle","Poodle","Consumível","","2.5","","","rare","true","false","true","a_c_poodle.png","true","3","false"
"a_c_pug","Pug","Consumível","","2.5","","","rare","true","false","true","a_c_pug.png","true","3","false"
"a_c_retriever","Retriever","Consumível","","2.5","","","rare","true","false","true","a_c_retriever.png","true","3","false"
"a_c_rottweiler","Rottweiler","Consumível","","2.5","","","rare","true","false","true","a_c_rottweiler.png","true","3","false"
"a_c_shepherd","Shepherd","Consumível","","2.5","","","rare","true","false","true","a_c_shepherd.png","true","3","false"
"a_c_westy","Westy","Consumível","","2.5","","","rare","true","false","true","a_c_westy.png","true","3","false"
"acerolajuice","Suco de Acerola","Consumível","","0.75","125","3","","true","false","false","acerolajuice.png","true","2","false"
"acetone","Acetona","Comum","","0.25","55","","","false","false","false","acetone.png","true","5","false"
"adrenaline","Adrenalina","Comum","","0.25","4225","","","true","false","false","adrenaline.png","true","28","false"
"adrenalineplus","Adrenalina ++","Comum","Restaura o tempo ao ser ajudado com <common>Adrenalina</common>.","0.25","10000","","legendary","true","false","true","adrenaline.png","true","5","false"
"advtoolbox","Conjunto de Ferramentas Mestre","Consumível","Um arsenal versátil de ferramentas essenciais para todas as suas necessidades de reparo, com qualidade premium e variedade abrangente, este kit é seu parceiro e do seu veículos.","4.75","2775","2","common","false","false","false","advtoolbox.png","true","7","false"
"alcohol","Álcool","Comum","","0.55","45","","","false","false","false","alcohol.png","true","12","false"
"alliance","Aliança","Comum","","0","","","","true","false","false","alliance.png","true","5","false"
"alliance2","Aliança de Diamante","Comum","<epic>Este item não pode ser roubado.</epic> Uma aliança luxuosa cravejada com um <epic>diamante brilhante</epic>. Símbolo de compromisso eterno ou riqueza extrema.","0","","","legendary","true","false","true","alliance2.png","true","1","false"
"alliance3","Porta-Aliança de Diamante","Comum","<epic>Este item não pode ser roubado e, ao ser utilizado no alt + Relacionamento, gera dois itens que não podem ser roubados.</epic> Um pequeno estojo luxuoso, usado para guardar alianças de valor inestimável.","0","","","legendary","false","false","true","alliance3.png","true","1","false"
"aluminum","Alumínio","Comum","","0.045","10","","","false","false","false","aluminum.png","true","72","false"
"ammobox","Caixa de Munição","Consumível","Robusta e segura, projetada para armazenamento e transporte confiável de munições.","2.75","70000","","rare","true","true","false","ammobox.png","true","4","false"
"amphetamine","Seringa de Anfetamina","Comum","","0.25","325","","","true","false","false","amphetamine.png","true","4","false"
"analgesic","Analgésicos","Consumível","","0.25","175","","","true","false","false","analgesic.png","true","22","false"
"anchovy","Anchova","Comum","","0.5","50","","","true","false","false","anchovy.png","true","5","false"
"applejuice","Suco de Maça","Consumível","","0.75","125","3","","true","false","false","applejuice.png","true","2","false"
"applelove","Maça do Amor","Consumível","","0.55","35","3","","true","false","false","applelove.png","true","3","false"
"ATTACH_CROSSHAIR","Mira Holográfica","Attachs","","1","2725","","","true","false","false","attach_crosshair.png","true","4","false"
"ATTACH_FLASHLIGHT","Lanterna Tatica","Attachs","","1","2125","","","true","false","false","attach_flashlight.png","true","4","false"
"ATTACH_GRIP","Empunhadura","Attachs","","1","1725","","","true","false","false","attach_grip.png","true","2","false"
"ATTACH_MAGAZINE","Pente Estendido","Attachs","","1","2225","","","true","false","false","attach_magazine.png","true","4","false"
"ATTACH_SILENCER","Silenciador","Attachs","","1","4725","","","true","false","false","attach_silencer.png","true","1","false"
"axe","Machadinha","Comum","Ferramenta robusta e confiável para os desafios mais exigentes, construído com materiais de alta qualidade e design ergonômico, proporciona precisão e potência em cada golpe, ideal para cortar lenha, realizar trabalhos de construção ou aventuras ao ar livre, é o companheiro perfeito para qualquer tarefa que exija força e eficiência.","2.75","1225","","","true","false","false","axe.png","true","2","false"
"axeplus","Machadinha ++","Comum","Ferramenta robusta e confiável para os desafios mais exigentes, construído com materiais de alta qualidade e design ergonômico, proporciona precisão e potência em cada golpe, ideal para cortar lenha, realizar trabalhos de construção ou aventuras ao ar livre, é o companheiro perfeito para qualquer tarefa que exija força e eficiência.","2.75","50000","","legendary","false","false","true","axe.png","true","1","false"
"backpackg","Mochila Grande","Comum","Espaçosa e funcional, projetada para transportar muitos itens de forma confortável, com alças ajustáveis e compartimentos organizados para facilitar o armazenamento.<br>Aumenta o peso de sua mochila em <epic>100Kg</epic>.","2.5","200000","","legendary","true","false","true","backpackg.png","true","1","false"
"backpackm","Mochila Média","Comum","Versátil e compacta, ideal para o dia a dia, oferecendo espaço suficiente para itens essenciais sem ser volumosa, com alças confortáveis para fácil transporte.<br>Aumenta o peso de sua mochila em <epic>75Kg</epic>.","2.5","150000","","epic","true","false","true","backpackm.png","true","1","false"
"backpackp","Mochila Pequena","Comum","Compacta e leve, perfeita para carregar o essencial de forma prática, com alças ajustáveis para conforto ao transportar.<br>Aumenta o peso de sua mochila em <epic>50Kg</epic>.","2.5","100000","","rare","true","false","true","backpackp.png","true","2","false"
"bait","Isca","Comum","","0.25","5","","","true","false","false","bait.png","true","9","false"
"ballisticplate","Placa Balística","Consumível","","3.75","925","","","true","false","false","ballisticplate.png","true","3","false"
"bananajuice","Suco de Banana","Consumível","","0.75","125","3","","true","false","false","bananajuice.png","true","2","false"
"bandage","Bandagem","Consumível","","0.25","275","3","","true","false","false","bandage.png","true","17","false"
"banned_reduce","Redução de Sentença","Consumível","Reduz <b>1 minutos</b> do tempo restante.","0","","","common","true","false","true","banned_reduce.png","true","2","false"
"barbershop","Barbearia","Consumível","Define uma posição no mapa onde a <epic>Barbearia</epic> poderá ser acessada.","0","500000","","legendary","false","false","true","barbershop.png","true","29","false"
"barrier","Barreira","Consumível","","2.25","25","2","","true","false","false","barrier.png","true","2","false"
"batteryaa","Bateria AA","Comum","","0.15","225","","","false","false","false","batteryaa.png","true","6","false"
"batteryaaplus","Bateria AA+","Comum","","0.25","275","","","false","false","false","batteryaaplus.png","true","6","false"
"bauxite","Minério de Bauxita","Comum","","0.225","50","","","false","false","false","bauxite.png","true","2","false"
"binbag","Saco de Lixo","Comum","","10","0","1","","true","false","false","binbag.png","true","3","false"
"binoculars","Binóculos","Consumível","","1","425","","","false","false","false","binoculars.png","true","5","false"
"blocksignal","Bloqueador de Sinal","Consumível","","0.75","825","","","true","false","false","blocksignal.png","true","3","false"
"blue_essence","Essência Azul","Comum","Componente químico utilizado em experimentos, possui propriedades energéticas únicas que alimentam dispositivos experimentais, aprimoram armas modificadas ou são vendidas por um bom dinheiro.","0","","","","false","false","true","blue_essence.png","true","4","false"
"blueberryjuice","Suco de Blueberry","Consumível","","0.75","125","3","","true","false","false","blueberryjuice.png","true","2","false"
"blueprint_bench","Mesa de Aprendizado","Consumível","Mesa para aprendizado de produção.","7.25","65000","","epic","true","false","false","blueprint_bench.png","true","3","false"
"blueprint_fragment","Fragmento de Aprendizado","Comum","","0","","","","false","false","false","blueprint_fragment.png","true","9","false"
"boar1star","Javali","Comum","","2.25","275","","","true","false","false","box1star.png","true","1","false"
"boar2star","Javali","Comum","","2.25","300","","","true","false","false","box2star.png","true","1","false"
"boar3star","Javali","Comum","","2.25","325","","","true","false","false","box3star.png","true","1","false"
"buscopau","Buscopau","Consumível","Comprimido forte, indicado para casos de ferimentos mais serios.","0.15","245","5","","true","false","false","buscopau.png","true","2","false"
"c4","Explosivo C4","Comum","","1.25","1625","","","true","false","false","c4.png","true","1","false"
"camera","Câmera","Consumível","","1","425","","","false","false","false","camera.png","true","100","false"
"cappuccino","Cappuccino","Consumível","","0.65","100","3","","true","false","false","cappuccino.png","true","4","false"
"catfish","Peixe-Gato","Comum","","0.5","70","","","true","false","false","catfish.png","true","4","false"
"cellphone","Celular","Consumível","","0.75","725","","","false","false","false","cellphone.png","true","32","false"
"chalcopyrite","Calcopirita","Comum","","0.225","50","","","false","false","false","chalcopyrite.png","true","2","false"
"chestgroupg","Compartimento Militar","Consumível","Projetado para manter seus e de seu grupo, itens mais valiosos protegidos e sempre ao seu alcance, com capacidade máxima de <b>5.000kg</b>, ele combina segurança, praticidade e organização em um único espaço.<br><common>Ao posicionado não pode ser retirado.</common>","5.25","","","epic","false","true","true","chestgroup.png","true","3","false"
"chestgroupm","Compartimento Militar","Consumível","Projetado para manter seus e de seu grupo, itens mais valiosos protegidos e sempre ao seu alcance, com capacidade máxima de <b>2.500kg</b>, ele combina segurança, praticidade e organização em um único espaço.<br><common>Ao posicionado não pode ser retirado.</common>","5.25","","","rare","false","true","true","chestgroup.png","true","3","false"
"chestgroupp","Compartimento Militar","Consumível","Projetado para manter seus e de seu grupo, itens mais valiosos protegidos e sempre ao seu alcance, com capacidade máxima de <b>1.000kg</b>, ele combina segurança, praticidade e organização em um único espaço.<br><common>Ao posicionado não pode ser retirado.</common>","5.25","","","common","false","true","true","chestgroup.png","true","3","false"
"chocolate","Chocolate","Consumível","","0.15","20","4","","true","false","false","chocolate.png","true","8","false"
"cigarette","Maço de Cigarros","Consumível","","0.15","15","5","","false","false","false","cigarette.png","true","7","false"
"circuit","Circuito Eletrônico","Consumível","","0.75","4725","","","false","false","false","circuit.png","true","4","false"
"cocaine","Carreira de Cocaína","Consumível","","0.25","25","","","true","false","false","cocaine.png","true","12","false"
"codeine","Seringa de Codeína","Comum","","0.25","425","","","true","false","false","codeine.png","true","4","false"
"coffeecup","Copo de Café","Consumível","","0.25","20","2","","true","false","false","coffeecup.png","true","4","false"
"coffeemilk","Café com Leite","Consumível","","0.75","125","3","","true","false","false","coffeemilk.png","true","2","false"
"coilover","Suspensão Coilover","Consumível","Projetada para oferecer ajustabilidade extrema e resposta rápida em curvas fechadas e mudanças de direção rápidas, ajuda a maximizar a aderência nas curvas e proporcionar uma sensação precisa e controlada ao volante, fundamental para executar manobras precisas e controladas durante as competições de drift.","15.25","24725","","","true","false","false","coilover.png","true","2","false"
"cokesack","Pacote de Cocaína","Comum","","2.5","250","","","true","false","false","cokesack.png","true","2","false"
"cola","Cola","Consumível","","0.25","20","2","","true","false","false","cola.png","true","5","false"
"condensedmilk","Leite Condensado","Comum","","0.25","25","","","true","false","false","condensedmilk.png","true","1","false"
"cookies","Cookies","Consumível","","0.25","45","3","","true","false","false","cookies.png","true","4","false"
"copper","Cobre","Comum","","0.045","10","","","false","false","false","copper.png","true","74","false"
"copper_pure","Barra de Cobre","Comum","","0.5","42","","","true","false","false","copper_pure.png","true","4","false"
"coyote1star","Coyote","Comum","","2.25","275","","","true","false","false","box1star.png","true","1","false"
"coyote2star","Coyote","Comum","","2.25","300","","","true","false","false","box2star.png","true","1","false"
"coyote3star","Coyote","Comum","","2.25","325","","","true","false","false","box3star.png","true","1","false"
"crack","Seringa de Crack","Consumível","","0.25","375","","","true","false","false","crack.png","true","5","false"
"creditcard","Cartão de Crédito","Comum","","0.25","0","","","true","false","true","creditcard.png","true","0","false"
"cupcake","Cupcake","Consumível","","0.55","45","3","","true","false","false","cupcake.png","true","4","false"
"deer1star","Cervo","Comum","","2.25","275","","","true","false","false","box1star.png","true","2","false"
"deer2star","Cervo","Comum","","2.25","300","","","true","false","false","box2star.png","true","1","false"
"deer3star","Cervo","Comum","","2.25","325","","","true","false","false","box3star.png","true","1","false"
"diagram","Diagrama","Comum","Aumenta <common>10Kg</common> no peso do compartimento.","0.75","10000","","legendary","false","false","true","diagram.png","true","6","false"
"diamond_pure","Diamante Lapidado","Comum","","0.5","50","","","true","false","false","diamond_pure.png","true","4","false"
"dipiroca","Dipiroca","Consumível","Comprimido leve para dores e mal-estar. Recupera uma pequena quantidade de vida.","0.15","45","5","","true","false","false","dipiroca.png","true","2","false"
"dirtydollar","Dólar Sujo","Comum","","0","1","","","true","false","false","dirtydollar.png","true","26","false"
"dismantle","Cartão Ilegível","Consumível","","0","1225","","","true","false","false","dismantle.png","true","13","false"
"dogtag","Plaqueta de Identificação","Comum","","0.025","0","","","true","false","false","dogtag.png","true","0","false"
"dollar","Dólar","Comum","","0","1","","","true","false","false","dollar.png","true","56","false"
"dompeidon","Dom Peidon","Consumível","Comprimido de efeito moderado, indicado para recuperacao gradual da saude.","0.15","110","5","","true","false","false","dompeidon.png","false","2","false"
"donut","Rosquinha","Consumível","","0.25","15","2","","true","false","false","donut.png","true","4","false"
"drugs_bench","Mesa de Produção","Consumível","Mesa para fabricação de <common>Drogas</common>.","7.25","50000","","epic","true","false","false","drugs_bench.png","true","2","false"
"electroniccomponents","Componentes Eletrônicos","Comum","","0.35","375","","","false","false","false","electroniccomponents.png","true","5","false"
"emerald_pure","Esmeralda Lapidada","Comum","","0.5","75","","","true","false","false","emerald_pure.png","true","3","false"
"emptybottle","Garrafa Vazia","Comum","","0.15","15","","","false","false","false","emptybottle.png","true","7","false"
"emptypurifiedwater","Galão de Água Vazio","Comum","Prático para transporte e armazenamento, ideal para reutilização ou descarte responsável.","0.75","1275","","","true","false","false","emptypurifiedwater.png","true","3","false"
"encryptedkey","Chave Criptografada","Consumível","","3.5","","","","true","false","false","encryptedkey.png","true","1","false"
"explosives","Explosivos","Comum","","0.45","225","","","false","false","false","explosives.png","true","5","false"
"fabric","Tecido","Comum","","0.001","","","","false","false","false","fabric.png","true","5","false"
"fishfillet","Filé de Peixe","Comum","","0.05","10","","","true","false","false","fishfillet.png","true","3","false"
"fishingrod","Vara de Madeira","Consumível","Companheira ideal para os amantes da pesca, seja em água doce ou salgada, com sua construção leve e resistente, proporciona equilíbrio perfeito e sensibilidade para detectar até os mais sutis movimentos dos peixes, seja para pescadores iniciantes ou experientes, esta vara é a escolha confiável para horas de diversão e sucesso nas pescarias.","2.75","575","","","true","false","false","fishingrod.png","true","4","false"
"fishingrod2","Vara de Grafite","Consumível","Companheira ideal para os amantes da pesca, seja em água doce ou salgada, com sua construção leve e resistente, proporciona equilíbrio perfeito e sensibilidade para detectar até os mais sutis movimentos dos peixes, seja para pescadores iniciantes ou experientes, esta vara é a escolha confiável para horas de diversão e sucesso nas pescarias.","2.75","875","","","true","false","false","fishingrod2.png","true","1","false"
"fishingrod3","Vara de Fibra","Consumível","Companheira ideal para os amantes da pesca, seja em água doce ou salgada, com sua construção leve e resistente, proporciona equilíbrio perfeito e sensibilidade para detectar até os mais sutis movimentos dos peixes, seja para pescadores iniciantes ou experientes, esta vara é a escolha confiável para horas de diversão e sucesso nas pescarias.","2.75","1275","","","true","false","false","fishingrod3.png","true","1","false"
"fishingrod4","Vara de Carbono","Consumível","Companheira ideal para os amantes da pesca, seja em água doce ou salgada, com sua construção leve e resistente, proporciona equilíbrio perfeito e sensibilidade para detectar até os mais sutis movimentos dos peixes, seja para pescadores iniciantes ou experientes, esta vara é a escolha confiável para horas de diversão e sucesso nas pescarias.","2.75","1925","","","true","false","false","fishingrod4.png","true","1","false"
"fishingrodplus","Vara de Pescar ++","Consumível","Companheira ideal para os amantes da pesca, seja em água doce ou salgada, com sua construção leve e resistente, proporciona equilíbrio perfeito e sensibilidade para detectar até os mais sutis movimentos dos peixes, seja para pescadores iniciantes ou experientes, esta vara é a escolha confiável para horas de diversão e sucesso nas pescarias.","2.75","50000","","legendary","false","false","true","fishingrod.png","true","2","false"
"fries","Fritas","Consumível","","0.25","20","2","","true","false","false","fries.png","true","3","false"
"furniture_browncloset","Guarda-Roupas Duas Portas","Consumivel","Objeto posicionavel dentro de propriedades.","2","","","epic","false","false","false","furniture_browncloset.png","true","0","true"
"furniture_goldenbox","Cofre Executivo","Consumivel","Este objeto pode ser posicionado dentro de propriedades, permitindo guardar <legendary>2500KG</legendary> dentro de seu compartimento.","2","","","legendary","false","false","true","furniture_goldenbox.png","true","1","true"
"furniture_halloween_ghost","Fantasma de Halloween","Consumivel","Objeto posicionavel dentro de propriedades.","2","","","common","false","false","false","furniture_halloween_ghost.png","false","0","true"
"furniture_halloween_pumpkin","Abóbora de Halloween","Consumivel","Objeto posicionavel dentro de propriedades.","2","","","common","false","false","false","furniture_halloween_pumpkin.png","false","0","true"
"furniture_industrialbox","Cofre Industrial","Consumivel","Este objeto pode ser posicionado dentro de propriedades, permitindo guardar <legendary>1000KG</legendary> dentro de seu compartimento.","2","","","epic","false","false","true","furniture_industrialbox.png","true","1","true"
"furniture_largebed","Cama","Consumivel","Objeto posicionavel dentro de propriedades.","2","","","common","false","false","false","furniture_largebed.png","true","0","true"
"furniture_officebox","Cofre Blindado","Consumivel","Este objeto pode ser posicionado dentro de propriedades, permitindo guardar <legendary>500KG</legendary> dentro de seu compartimento.","2","","","epic","false","false","true","furniture_officebox.png","true","1","true"
"furniture_ornamentbox","Cofre Corporativo","Consumivel","Este objeto pode ser posicionado dentro de propriedades, permitindo guardar <legendary>1500KG</legendary> dentro de seu compartimento.","2","","","legendary","false","false","true","furniture_ornamentbox.png","true","1","true"
"furniture_pack_bathcab","Armário de Banheiro","Consumivel","Objeto posicionavel dentro de propriedades.","2","","","common","false","false","false","furniture_pack_bathcab.png","true","0","true"
"furniture_pack_cabinet","Armário Quatro Portas","Consumivel","Objeto posicionavel dentro de propriedades.","2","","","common","false","false","false","furniture_pack_cabinet.png","true","0","true"
"furniture_pack_cabinet_2","Hack de Televisão","Consumivel","Objeto posicionavel dentro de propriedades.","2","","","common","false","false","false","furniture_pack_cabinet_2.png","true","0","true"
"furniture_pack_cabinet_3","Guarda-Roupas Antigo","Consumivel","Objeto posicionavel dentro de propriedades.","2","","","common","false","false","false","furniture_pack_cabinet_3.png","true","0","true"
"furniture_pack_chair_1","Cadeira de Madeira","Consumivel","Objeto posicionavel dentro de propriedades.","2","","","common","false","false","false","furniture_pack_chair_1.png","true","0","true"
"furniture_pack_chair_2","Cadeira de Couro","Consumivel","Objeto posicionavel dentro de propriedades.","2","","","common","false","false","false","furniture_pack_chair_2.png","true","0","true"
"furniture_pack_dresser","Cômoda de Madeira","Consumivel","Objeto posicionavel dentro de propriedades.","2","","","common","false","false","false","furniture_pack_dresser.png","true","0","true"
"furniture_pack_sofa","Sofá de Courino","Consumivel","Objeto posicionavel dentro de propriedades.","2","","","common","false","false","false","furniture_pack_sofa.png","true","0","true"
"furniture_pack_table","Mesa de Madeira","Consumivel","Objeto posicionavel dentro de propriedades.","2","","","common","false","false","false","furniture_pack_table.png","true","0","true"
"furniture_pack_table_1","Mesa de Escritório","Consumivel","Objeto posicionavel dentro de propriedades.","2","","","common","false","false","false","furniture_pack_table_1.png","true","0","true"
"furniture_pack_table_2","Mesa de Jantar","Consumivel","Objeto posicionavel dentro de propriedades.","2","","","common","false","false","false","furniture_pack_table_2.png","true","0","true"
"furniture_pack_wall","Divisor de Ambiente","Consumivel","Objeto posicionavel dentro de propriedades.","2","","","common","false","false","false","furniture_pack_wall.png","true","0","true"
"furniture_pack_wardrobe_1","Guarda-Roupas Quatro Portas","Consumivel","Objeto posicionavel dentro de propriedades.","2","","","common","false","false","false","furniture_pack_wardrobe_1.png","true","0","true"
"furniture_pack_wardrobe_2","Guarda-Roupas Seis Portas","Consumivel","Objeto posicionavel dentro de propriedades.","2","","","common","false","false","false","furniture_pack_wardrobe_2.png","true","0","true"
"furniture_safebox","Cofre Reforçado","Consumivel","Este objeto pode ser posicionado dentro de propriedades, permitindo guardar <legendary>200KG</legendary> dentro de seu compartimento.","2","","","rare","false","false","true","furniture_safebox.png","true","1","true"
"furniture_simplebox","Cofre Básico","Consumivel","Este objeto pode ser posicionado dentro de propriedades, permitindo guardar <legendary>100KG</legendary> dentro de seu compartimento.","2","","","common","false","false","true","furniture_simplebox.png","true","1","true"
"GADGET_PARACHUTE","Paraquedas","Consumível","Lembrando que após <common>desconectar</common> da cidade o mesmo é removido.","2.25","225","2","","true","false","false","parachute.png","true","4","false"
"gauze","Ataduras","Consumível","","0.25","125","","","true","false","false","gauze.png","true","25","false"
"gdtkit","Kit Químico","Consumível","","0.75","25","","","true","false","false","gdtkit.png","true","4","false"
"gear","Engrenagem","Comum","","0.75","125","","","false","false","false","gear.png","true","0","false"
"gemstone","Diamante","Consumível","","0","20","","legendary","false","false","true","gemstone.png","true","30","false"
"glass","Vidro","Comum","","0.045","8","","","false","false","false","glass.png","true","80","false"
"gold_pure","Barra de Ouro","Comum","","0.5","50","","","true","false","false","gold_pure.png","true","4","false"
"goldenjug","Jarro de Ouro","Comum","","7.25","6775","","","false","false","false","goldenjug.png","true","8","false"
"goldenleopard","Leopardo de Ouro","Comum","","8.75","8225","","","false","false","false","goldenleopard.png","true","7","false"
"goldenlion","Leão de Ouro","Comum","","10.25","12225","","","false","false","false","goldenlion.png","true","7","false"
"goldnecklace","Colar de Ouro","Comum","","0.45","625","","","false","false","false","goldnecklace.png","true","10","false"
"grapejuice","Suco de Uva","Consumível","","0.75","125","3","","true","false","false","grapejuice.png","true","2","false"
"green_essence","Essência Verde","Comum","Componente químico utilizado em experimentos, possui propriedades energéticas únicas que alimentam dispositivos experimentais, aprimoram armas modificadas ou são vendidas por um bom dinheiro.","0","","","","false","false","true","green_essence.png","true","5","false"
"gsrkit","Kit Residual","Consumível","","0.75","25","","","true","false","false","gsrkit.png","true","3","false"
"gunpowder","Frasco de Pólvora","Comum","","0.1","125","","","false","false","false","gunpowder.png","true","8","false"
"halloween_ghost","Fantasma de Halloween","Consumível","Um enfeite para sua propriedade com a temática de halloween.","5","","","legendary","false","false","false","halloween_ghost.png","false","0","false"
"halloween_pumpkin","Abóbora de Halloween","Consumível","Um enfeite para sua propriedade com a temática de halloween.","5","","","legendary","false","false","false","halloween_pumpkin.png","false","0","false"
"hamburger","Hambúrguer","Consumível","","0.55","25","2","","true","false","false","hamburger.png","true","6","false"
"hamburger2","Hambúrguer Artesanal","Consumível","","0.75","125","3","","true","false","false","hamburger2.png","true","4","false"
"hamburger3","Hambúrguer Vegetariano","Consumível","","0.75","125","3","","true","false","false","hamburger3.png","true","4","false"
"handcuff","Algemas","Consumível","","1.25","1225","","","true","false","false","handcuff.png","true","7","false"
"heavygunparts","Peças de Arma Pesada","Comum","","2.75","2125","","","true","false","false","heavygunparts.png","true","1","false"
"heroin","Seringa de Heroína","Consumível","","0.25","525","","","true","false","false","heroin.png","true","5","false"
"herring","Arenque","Comum","","0.5","80","","","true","false","false","herring.png","true","4","false"
"hood","Capuz","Consumível","","1.75","1225","","","true","false","false","hood.png","true","5","false"
"horsefigurine","Estatueta de Cavalo","Comum","","1.25","2425","","","false","false","false","horsefigurine.png","true","4","false"
"hotdog","Cachorro-Quente","Consumível","","0.45","20","2","","true","false","false","hotdog.png","true","5","false"
"identity","Passaporte","Comum","","0","","","","true","false","true","identity.png","true","42","false"
"instagram","Seguidores InstaPic","Consumível","Adiciona 100 seguidores no instapic.","0","80000","","legendary","false","false","true","instagram.png","true","186","false"
"insulatingtape","Fita Isolante","Comum","","0.15","55","","","false","false","false","insulatingtape.png","true","14","false"
"iron_pure","Barra de Ferro","Comum","","0.5","45","","","true","false","false","iron_pure.png","true","4","false"
"ironfilings","Limalha de Ferro","Comum","","0.001","","","","true","false","false","ironfilings.png","true","2","false"
"joint","Cigarro de Cannabis","Consumível","","0.25","25","","","true","false","false","joint.png","true","10","false"
"latex","Frasco de Látex","Comum","","1.25","175","","","false","false","false","latex.png","true","2","false"
"lead_pure","Barra de Chumbo","Comum","","0.5","40","","","true","false","false","lead_pure.png","true","4","false"
"legendarykey","Chave da Fortuna","Comum","Projetada para ser encontrada e utilizada como parte da progressão na história ou na resolução de um enigma, adicionando um elemento de interatividade e imersão à experiência.","0.25","4225","","legendary","true","false","false","legendarykey.png","true","1","false"
"lemonjuice","Suco de Limão","Consumível","","0.75","125","3","","true","false","false","lemonjuice.png","true","2","false"
"lighter","Isqueiro","Comum","","0.55","225","","","false","false","false","lighter.png","true","8","false"
"lightgunparts","Peças de Arma Leve","Comum","","1.75","625","","","true","false","false","lightgunparts.png","true","1","false"
"lockpick","Gazua","Consumível","Ferramenta fina e flexível, frequentemente feita de metal, usada para abrir fechaduras sem a chave correspondente, é uma ferramenta comum entre profissionais de segurança e em situações de emergência.","1.25","725","","","true","false","false","lockpick.png","true","10","false"
"lockpickplus","Gazua ++","Comum","Ferramenta fina e flexível, frequentemente feita de metal, usada para abrir fechaduras sem a chave correspondente, é uma ferramenta comum entre profissionais de segurança e em situações de emergência.","1.25","50000","","legendary","false","false","true","lockpickplus.png","true","3","false"
"mapgps","Mapa Adaptativo","Consumível","Um dispositivo inteligente que, ao ser utilizado, ativa o gps no canto da tela, permitindo ao usuário visualizar melhor o terreno ao redor, rotas e a localização de pontos importantes. Ideal para navegação em áreas desconhecidas ou para ganhar vantagem tática em missões.","0","50000","","legendary","false","false","true","mapgps.png","false","1","false"
"markers","Receptor de Sinal","Consumível","Dispositivo clandestino de rastreamento pessoal, utilizado em operações criminosas, que ao ser instalado transmite sua localização em tempo real para o GPS de todos os membros do grupo selecionado que possuírem um receptor compatível.<br>Possui duração ativa de 5 dias, pode ser removido ou roubado por terceiros e é indicado para perseguições prolongadas, monitoramento estratégico e emboscadas coordenadas.","0.75","","","","false","false","false","markers.png","true","53","false"
"mayonnaise","Pote de Maionese","Comum","","0.45","20","","","true","false","false","mayonnaise.png","true","3","false"
"meatfillet","Filé de Carne","Comum","","0.05","10","","","true","false","false","meatfillet.png","true","3","false"
"mechanicbag","Caixa de Ferramentas","Consumível","Projetada para armazenamento seguro e organizado de ferramentas, garantindo acessibilidade e segurança no ambiente de manutenção.","5","4275","","","true","true","false","mechanicbag.png","false","3","false"
"medicalkey","Chave da Aurora","Comum","Projetada para ser encontrada e utilizada como parte da progressão na história ou na resolução de um enigma, adicionando um elemento de interatividade e imersão à experiência.","0.25","675","","rare","true","false","false","medicalkey.png","true","2","false"
"medicbag","Caixa de Medicamentos","Consumível","Projetada para armazenamento seguro e organizado de medicamentos, garantindo acessibilidade e segurança no ambiente de saúde.","2.5","1275","","rare","true","true","false","medicbag.png","true","4","false"
"mediumgunparts","Peças de Arma Média","Comum","","2.25","1250","","","true","false","false","mediumgunparts.png","true","1","false"
"medkit","Kit de Primeiros Socorros","Consumível","","0.75","575","1","","true","false","false","medkit.png","true","9","false"
"metadone","Seringa de Metadona","Consumível","","0.25","475","","","true","false","false","metadone.png","true","5","false"
"metalspring","Mola de Metal","Comum","","0.35","425","","","false","false","false","metalspring.png","true","33","false"
"meteoulate","Mete ou Late","Consumível","Comprimido forte, recupera uma boa quantidade de vida.","0.15","195","5","","true","false","false","meteoulate.png","true","2","false"
"meth","Metanfetamina","Consumível","","0.25","25","","","true","false","false","meth.png","true","25","false"
"methsack","Pacote de Metanfetamina","Comum","","2.5","250","","","true","false","false","methsack.png","true","2","false"
"milkbottle","Garrafa de Leite","Comum","","0.35","35","","","true","false","false","milkbottle.png","true","10","false"
"milkshake","Milk-shake","Consumível","","0.85","75","3","","true","false","false","milkshake.png","true","4","false"
"moneywash","Máquina de Lavar","Consumível","Compacta e discreta que transforma dinheiro molhado em dinheiro limpo e pronto para uso, seja para jogos ou necessidades do dia a dia, esta máquina é a solução perfeita para lavagem de dinheiro de forma rápida e eficiente.<br><br><common>Lavagem diária: $250.000</common>","50","","","common","true","false","false","moneywash.png","true","60","false"
"moneywashalpha","Máquina de Lavar","Consumível","Compacta e discreta que transforma dinheiro molhado em dinheiro limpo e pronto para uso, seja para jogos ou necessidades do dia a dia, esta máquina é a solução perfeita para lavagem de dinheiro de forma rápida e eficiente.<br><br><epic>Lavagem diária: $1.000.000</epic>","50","","","epic","true","false","false","moneywash.png","true","2","false"
"moneywashomega","Máquina de Lavar","Consumível","Compacta e discreta que transforma dinheiro molhado em dinheiro limpo e pronto para uso, seja para jogos ou necessidades do dia a dia, esta máquina é a solução perfeita para lavagem de dinheiro de forma rápida e eficiente.<br><br><legendary>Lavagem diária: $5.000.000</legendary>","50","","","legendary","true","false","false","moneywash.png","true","2","false"
"moneywashplus","Máquina de Lavar","Consumível","Compacta e discreta que transforma dinheiro molhado em dinheiro limpo e pronto para uso, seja para jogos ou necessidades do dia a dia, esta máquina é a solução perfeita para lavagem de dinheiro de forma rápida e eficiente.<br><br><rare>Lavagem diária: $500.000</rare>","50","","","rare","true","false","false","moneywash.png","true","2","false"
"mtlion1star","Puma","Comum","","2.25","275","","","true","false","false","box1star.png","true","1","false"
"mtlion2star","Puma","Comum","","2.25","300","","","true","false","false","box2star.png","true","1","false"
"mtlion3star","Puma","Comum","","2.25","325","","","true","false","false","box3star.png","true","1","false"
"nabucetin","Nabucetin","Consumível","Comprimido de alta potencia. Recupera uma grande quantidade de vida.","0.15","305","5","","true","false","false","nabucetin.png","true","2","false"
"namechange","Cartão de Nome","Consumível","Modifica o nome.","0","60000","","legendary","false","false","true","namechange.png","true","2","false"
"navaljina","Navaljina","Consumível","Comprimido de efeito moderado. Recupera vida aos poucos.","0.15","75","5","","true","false","false","navaljina.png","true","2","false"
"nigirizushi","Nigirizushi","Consumível","","0.65","60","3","","true","false","false","nigirizushi.png","true","2","false"
"nitro","Garrafa de Nitro","Consumível","Uma adição emocionante para veículos motorizados, oferece um aumento instantâneo de potência e velocidade, projetado para os entusiastas da velocidade, proporciona uma aceleração surpreendente, elevando a adrenalina e a emoção das corridas e aventuras automobilísticas.","7.25","2775","","","false","false","false","nitro.png","true","7","false"
"notepad","Bloco de Notas","Consumível","","0","10","","common","true","true","false","notepad.png","true","6","false"
"orangejuice","Suco de Laranja","Consumível","","0.75","125","3","","true","false","false","orangejuice.png","true","2","false"
"orangeroughy","Peixe Relógio","Comum","","0.5","60","","","true","false","false","orangeroughy.png","true","6","false"
"package","Encomenda","Comum","","10","0","1","","true","false","false","package.png","true","17","false"
"pager","Pager","Consumível","","2.25","425","","","false","false","false","pager.png","true","5","false"
"passionjuice","Suco de Maracujá","Consumível","","0.75","175","3","","true","false","false","passionjuice.png","true","2","false"
"penetrom","Penetrom","Consumível","Comprimido de efeito intermediario. Recupera uma quantidade razoavel de vida.","0.15","150","5","","true","false","false","penetrom.png","true","2","false"
"pickaxe","Picareta","Comum","Ferramenta versátil e resistente, projetada para lidar com uma variedade de tarefas, com sua construção robusta e design ergonômico, oferece conforto e eficiência em cada movimento, seja para escavação no jardim, trabalhos de construção ou aventuras ao ar livre, essa picareta é a escolha confiável para enfrentar desafios com facilidade e precisão.","2.75","1225","","","true","false","false","pickaxe.png","true","4","false"
"pickaxeplus","Picareta ++","Comum","Ferramenta versátil e resistente, projetada para lidar com uma variedade de tarefas, com sua construção robusta e design ergonômico, oferece conforto e eficiência em cada movimento, seja para escavação no jardim, trabalhos de construção ou aventuras ao ar livre, essa picareta é a escolha confiável para enfrentar desafios com facilidade e precisão.","2.75","50000","","legendary","false","false","true","pickaxe.png","true","1","false"
"pink_essence","Essência Rosa","Comum","Componente químico utilizado em experimentos, possui propriedades energéticas únicas que alimentam dispositivos experimentais, aprimoram armas modificadas ou são vendidas por um bom dinheiro.","0","","","","false","false","true","pink_essence.png","true","4","false"
"pistol_bench","Mesa de Produção","Consumível","Mesa para fabricação de <common>Pistolas</common>.","8.75","50000","","epic","true","false","false","pistol_bench.png","true","2","false"
"pistolbody","Corpo de Pistola","Comum","","0.75","275","","","true","false","false","pistolbody.png","true","13","false"
"pizzabanana","Pizza de Banana","Consumível","","0.75","175","3","","true","false","false","pizzabanana.png","true","2","false"
"pizzachocolate","Pizza de Chocolate","Consumível","","0.75","175","3","","true","false","false","pizzachocolate.png","true","2","false"
"pizzamozzarella","Pizza de Muçarela","Consumível","","0.75","175","3","","true","false","false","pizzamozzarella.png","true","2","false"
"plastic","Plástico","Comum","","0.045","8","","","false","false","false","plastic.png","true","64","false"
"plate","Placa Veícular","Comum","Embora personalizada e distintiva, desconsidera as normas de trânsito e regulamentos legais, com um design único, destina-se a quem busca evadir-se das regras, mas não é recomendada para uso responsável e ético nas estradas.","0.75","975","","","false","false","false","plate.png","true","133","false"
"platinum","Platina","Comum","","0","20","","","false","false","false","platinum.png","true","39","false"
"postit","Post-It","Consumível","","0.25","20","","","false","false","false","postit.png","true","8","false"
"pouch","Malote","Comum","","1.25","0","","","true","false","false","pouch.png","true","5","false"
"powercable","Cabo de Alimentação","Comum","","0.35","225","","","false","false","false","powercable.png","true","3","false"
"powersupply","Fonte de Alimentação","Comum","","2.25","475","","","false","false","false","powersupply.png","true","3","false"
"premiumplate","Placa Customizada","Consumível","Uma escolha ideal para quem busca expressar sua individualidade enquanto trafega pelas estradas, feita com materiais de qualidade e design exclusivo, ela adiciona um toque único ao veículo de seu proprietário, sem comprometer a conformidade com as normas de trânsito.","0","100000","","legendary","false","false","true","platepremium.png","true","2","false"
"processor","Processador","Comum","","0.65","725","","","false","false","false","processor.png","true","3","false"
"processorfan","Ventoinha do Processador","Comum","","0.95","325","","","false","false","false","processorfan.png","true","3","false"
"promissory1000","Nota Promissória","Comum","","0","1000","","","true","false","false","promissory.png","true","8","false"
"promissory2000","Nota Promissória","Comum","","0","2000","","","true","false","false","promissory.png","true","8","false"
"promissory3000","Nota Promissória","Comum","","0","3000","","","true","false","false","promissory.png","true","8","false"
"promissory4000","Nota Promissória","Comum","","0","4000","","","true","false","false","promissory.png","true","8","false"
"promissory5000","Nota Promissória","Comum","","0","5000","","","true","false","false","promissory.png","true","8","false"
"propertys","Chave de Ferro","Consumível","","0.35","0","","","true","false","true","propertys.png","true","185","false"
"purifiedwater","Galão de Água Purificada","Comum","Essencial para hidratação segura e saudável, ideal para uso doméstico ou comercial.","1.25","1275","","","true","false","false","purifiedwater.png","true","3","false"
"purple_essence","Essência Roxa","Comum","Componente químico utilizado em experimentos, possui propriedades energéticas únicas que alimentam dispositivos experimentais, aprimoram armas modificadas ou são vendidas por um bom dinheiro.","0","","","","false","false","true","purple_essence.png","true","5","false"
"racestablet","Tablet Descartável","Consumível","Dispositivo eletrônico compacto e temporário projetado para uso prático e conveniente em situações específicas, oferecendo funcionalidades básicas de navegação na internet, leitura e comunicação, com a vantagem de ser facilmente descartável após o uso.","0.475","2725","","","true","false","false","racestablet.png","true","2","false"
"racesticket","Cartão Descartável","Comum","Explore circuitos exclusivos e de acesso privilegiado, desbloqueie portas para emocionantes experiências em locais de elite ao redor do mundo.","0.15","2275","","epic","true","false","false","racesticket.png","true","5","false"
"racetrophy1","Troféu 1º Lúgar","Comum","Conquistado apenas por quem cruza a linha de chegada em primeiro lugar, este item representa habilidade, precisão e domínio absoluto nas pistas. Símbolo máximo de desempenho nas corridas, o Troféu do Campeão comprova que seu portador superou todos os adversários com excelência, garantindo seu lugar no topo do ranking.","0","","","legendary","false","false","false","racetrophy1.png","true","0","false"
"racetrophy2","Troféu 2º Lúgar","Comum","Conquistado apenas por quem cruza a linha de chegada em segundo lugar, este item representa habilidade, precisão e domínio absoluto nas pistas. Símbolo máximo de desempenho nas corridas, o Troféu do Campeão comprova que seu portador superou todos os adversários com excelência, garantindo seu lugar no topo do ranking.","0","","","epic","false","false","false","racetrophy2.png","true","0","false"
"racetrophy3","Troféu 3º Lúgar","Comum","Conquistado apenas por quem cruza a linha de chegada em terceiro lugar, este item representa habilidade, precisão e domínio absoluto nas pistas. Símbolo máximo de desempenho nas corridas, o Troféu do Campeão comprova que seu portador superou todos os adversários com excelência, garantindo seu lugar no topo do ranking.","0","","","rare","false","false","false","racetrophy3.png","true","0","false"
"radio","Rádio","Consumível","Transceptor compacto e confiável que proporciona uma comunicação clara e segura para seu grupo, com uma frequência exclusiva para manter suas conversas privadas e protegidas.","0.75","975","","","false","false","false","radio.png","true","49","false"
"radiomhz","Frequência Mhz","Consumível","Transceptor compacto e poderoso que oferece uma frequência de rádio exclusiva para comunicação segura entre membros do seu grupo, ideal para operações discretas em ambientes onde privacidade é essencial.","0","100000","","legendary","false","false","true","radiomhz.png","true","2","false"
"rammemory","Memória RAM","Comum","","0.45","375","","","false","false","false","rammemory.png","true","3","false"
"ration","Ração Animal","Consumível","","0.75","125","","","true","false","false","ration.png","true","5","false"
"red_essence","Essência Vermelha","Comum","Componente químico utilizado em experimentos, possui propriedades energéticas únicas que alimentam dispositivos experimentais, aprimoram armas modificadas ou são vendidas por um bom dinheiro.","0","","","","false","false","true","red_essence.png","true","5","false"
"repairkit01","Kit de Reparos","Comum","Solucione problemas com facilidade, seja em casa, no carro ou em qualquer lugar, indispensável para manter tudo funcionando perfeitamente.","3.25","425","","common","false","false","false","repairkit01.png","true","7","false"
"repairkit02","Kit de Reparos","Comum","Solucione problemas com facilidade, seja em casa, no carro ou em qualquer lugar, indispensável para manter tudo funcionando perfeitamente.","3.75","875","","rare","false","false","false","repairkit02.png","true","4","false"
"repairkit03","Kit de Reparos","Comum","Solucione problemas com facilidade, seja em casa, no carro ou em qualquer lugar, indispensável para manter tudo funcionando perfeitamente.","4.25","2225","","epic","false","false","false","repairkit03.png","true","4","false"
"repairkit04","Kit de Reparos","Comum","Solucione problemas com facilidade, seja em casa, no carro ou em qualquer lugar, indispensável para manter tudo funcionando perfeitamente.","4.75","4275","","legendary","false","false","false","repairkit04.png","true","3","false"
"ricebag","Saco de Arroz","Comum","","1.25","105","","","true","false","false","ricebag.png","true","2","false"
"rifle_bench","Mesa de Produção","Consumível","Mesa para fabricação de <common>Rifles</common>.","9.75","100000","","epic","true","false","false","rifle_bench.png","true","2","false"
"riflebody","Corpo de Rifle","Comum","","0.75","975","","","true","false","false","riflebody.png","true","20","false"
"ritmoneury","Ritmoneury","Consumível","","0.75","325","2","","true","false","false","ritmoneury.png","true","6","false"
"roadsigns","Placas de Trânsito","Comum","","0.6","65","","","false","false","false","roadsigns.png","true","12","false"
"rope","Cordas","Consumível","","1.75","925","","","true","false","false","rope.png","true","5","false"
"rubber","Borracha","Comum","","0.045","8","","","false","false","false","rubber.png","true","61","false"
"ruby_pure","Ruby Lapidado","Comum","","0.5","60","","","true","false","false","ruby_pure.png","true","4","false"
"ryebread","Pão de Centeio","Comum","","0.15","20","","","true","false","false","ryebread.png","true","6","false"
"safependrive","Pendrive Seguro","Comum","","0.15","3225","","","true","false","false","safependrive.png","true","11","false"
"saline","Soro Fisiológico","Comum","","0.35","35","","","false","false","false","saline.png","true","7","false"
"salmon","Salmão","Comum","","0.5","150","","","true","false","false","salmon.png","true","3","false"
"sand","Areia","Comum","","0.225","20","","","false","false","false","sand.png","true","2","false"
"sandwich","Sanduiche","Consumível","","0.25","20","2","","true","false","false","sandwich.png","true","4","false"
"sapphire_pure","Safira Lapidada","Comum","","0.5","60","","","true","false","false","sapphire_pure.png","true","3","false"
"sardine","Sardinha","Comum","","0.5","60","","","true","false","false","sardine.png","true","6","false"
"scotchtape","Fita Adesiva","Comum","","0.15","45","","","false","false","false","scotchtape.png","true","18","false"
"scrapmetal","Sucata de Metal","Comum","","0","1","","","false","false","false","scrapmetal.png","true","2","false"
"screwnuts","Porcas de Parafuso","Comum","","0.45","45","","","false","false","false","screwnuts.png","true","10","false"
"screws","Parafusos","Comum","","0.45","45","","","false","false","false","screws.png","true","11","false"
"scuba","Roupa de Mergulho","Consumível","","2.25","975","","","false","false","false","scuba.png","true","2","false"
"seatbelt","Cinto de Corrida","Consumível","","5.75","100000","","legendary","false","false","true","seatbelt.png","true","2","false"
"securitycam","CCTV Câmera","Consumível","Câmera de segurança instalável que permite o monitoramento em tempo real de áreas estratégicas. Após instalada, o acesso ao painel de controle fica disponível dentro do local selecionado dos grupos em suas bases, garantindo vigilância, controle e segurança do perímetro.","7.75","","","","true","false","true","securitycam.png","true","13","false"
"sewingkit","Kit de Costura","Comum","Utilizado para reparar mochilas <common>Pequenas</common>, <common>Médias</common> e <common>Grandes</common>.","0.55","50000","","legendary","false","false","true","sewingkit.png","true","1","false"
"sheetmetal","Chapa de Metal","Comum","","0.65","65","","","false","false","false","sheetmetal.png","true","14","false"
"silverchain","Corrente de Prata","Comum","","0.4","425","","","false","false","false","silverchain.png","true","10","false"
"sinkalmy","Sinkalmy","Consumível","","0.75","425","2","","true","false","false","sinkalmy.png","true","6","false"
"skinshop","Loja de Roupas","Consumível","Define uma posição no mapa onde a <epic>Loja de Roupas</epic> poderá ser acessada.","0","500000","","legendary","false","false","true","skinshop.png","true","93","false"
"smallshark","Tubarão Pequeno","Comum","","0.5","250","","","true","false","false","smallshark.png","true","2","false"
"smalltrout","Truta Pequena","Comum","","0.5","70","","","true","false","false","smalltrout.png","true","6","false"
"smg_bench","Mesa de Produção","Consumível","Mesa para fabricação de <common>Submetralhadoras</common>.","9.25","75000","","epic","true","false","false","smg_bench.png","true","2","false"
"smgbody","Corpo de Sub","Comum","","0.75","525","","","true","false","false","smgbody.png","true","12","false"
"soap","Sabonete","Consumível","","0.25","125","","","true","false","false","soap.png","true","4","false"
"soda","Sprunk","Consumível","","0.25","20","2","","true","false","false","soda.png","true","6","false"
"spikestrips","Tiras de Espinhos","Consumível","","1.25","275","1","","true","false","false","spikestrips.png","true","3","false"
"spray_ballas","Spray: Ballas","Consumível","Liberte sua expressão urbana com spray de pichação, sua ferramenta para transformar paredes em telas vibrantes de criatividade.","0.15","9725","","","true","false","false","sprays.png","true","1","false"
"spray_families","Spray: Families","Consumível","Liberte sua expressão urbana com spray de pichação, sua ferramenta para transformar paredes em telas vibrantes de criatividade.","0.15","9725","","","true","false","false","sprays.png","true","1","false"
"spray_vagos","Spray: Vagos","Consumível","Liberte sua expressão urbana com spray de pichação, sua ferramenta para transformar paredes em telas vibrantes de criatividade.","0.15","9725","","","true","false","false","sprays.png","true","1","false"
"ssddrive","Unidade SSD","Comum","","0.75","525","","","false","false","false","ssddrive.png","true","3","false"
"strawberryjuice","Suco de Morango","Consumível","","0.75","125","3","","true","false","false","strawberryjuice.png","true","2","false"
"sugarbox","Caixa de Açucar","Comum","","0.25","35","","","true","false","false","sugarbox.png","true","5","false"
"suitcase","Mala de Dinheiro","Consumível","Segura e discreta para guardar dinheiro, ideal para proteger e organizar seus recursos financeiros com tranquilidade.","1","275","","common","true","true","false","suitcase.png","true","5","false"
"sulfuric","Ácido Sulfúrico","Consumível","","0.45","75","","","false","false","false","sulfuric.png","true","8","false"
"sushi","Sushi","Consumível","","0.65","60","3","","true","false","false","sushi.png","true","2","false"
"syringe01","Seringa A+","Comum","","0.25","45","","","true","false","false","syringe.png","true","2","false"
"syringe02","Seringa B+","Comum","","0.25","45","","","true","false","false","syringe.png","true","2","false"
"syringe03","Seringa A-","Comum","","0.25","45","","","true","false","false","syringe.png","true","2","false"
"syringe04","Seringa B-","Comum","","0.25","45","","","true","false","false","syringe.png","true","2","false"
"tacos","Tacos","Consumível","","0.25","20","2","","true","false","false","tacos.png","true","3","false"
"tadalapica","Tadalapica","Consumível","O remedio mais potente da farmacia. Recupera uma grande quantidade de vida, mas demora mais para fazer efeito.","0.15","420","5","","true","false","false","tadalapica.png","true","2","false"
"tangejuice","Suco de Tangerina","Consumível","","0.75","125","3","","true","false","false","tangejuice.png","true","2","false"
"tarp","Lona","Comum","","0.6","65","","","false","false","false","tarp.png","true","8","false"
"tattooshop","Loja de Tatuagem","Consumível","Define uma posição no mapa onde a <epic>Loja de Tatuagem</epic> poderá ser acessada.","0","500000","","legendary","false","false","true","tattooshop.png","true","25","false"
"techtrash","Lixo Eletrônico","Comum","","0.65","95","","","false","false","false","techtrash.png","true","7","false"
"teddypack","Mochila de Ursinho","Comum","Adorável bolsa infantil, feita de material macio e peludo, com uma carinha sorridente bordada na frente e orelhas tridimensionais, é prática e encantadora ao mesmo tempo.<br>Aumenta o peso de sua mochila em <epic>100Kg</epic>.","2.5","200000","","legendary","true","false","true","teddypack.png","true","1","false"
"television","Televisão","Comum","Uma experiência visual imersiva equipada com tecnologia LED para cores vibrantes e detalhes nítidos oferecendo entretenimento de alta qualidade.","12.5","5425","1","","true","false","false","television.png","true","2","false"
"tin_pure","Barra de Estanho","Comum","","0.5","40","","","true","false","false","tin_pure.png","true","4","false"
"toolbox","Kit de Ferramentas","Consumível","Um arsenal versátil de ferramentas essenciais para todas as suas necessidades de reparo, com qualidade premium e variedade abrangente, este kit é seu parceiro e do seu veículos.","2.25","925","3","","false","false","false","toolbox.png","true","9","false"
"toothpaste","Pasta de Dente","Comum","","0.15","175","","","false","false","false","toothpaste.png","true","5","false"
"treasurebox","Baú do Tesouro","Consumível","","0","0","","legendary","true","true","false","treasurebox.png","true","8","false"
"tyres","Pneu","Consumível","","2.75","375","4","","false","false","false","tyres.png","true","16","false"
"umbrella","Guarda-chuva","Consumível","Abra para se proteger do sol quando estiver com o modo vampiro ativo.","0.75","175","","","true","false","false","umbrella.png","true","2","false"
"utilkey","Chave do Crepúsculo","Comum","Projetada para ser encontrada e utilizada como parte da progressão na história ou na resolução de um enigma, adicionando um elemento de interatividade e imersão à experiência.","0.25","625","","common","true","false","false","utilkey.png","true","2","false"
"vape","Vape","Consumível","","0.75","4750","","","false","false","false","vape.png","true","5","false"
"vehiclekey","Chave Reserva","Consumível","","0.25","0","","","true","false","false","vehiclekey.png","true","11","false"
"videocard","Placa de Vídeo","Comum","","4.25","4225","","","false","false","false","videocard.png","true","3","false"
"washbattery","Bateria 75Ah","Comum","Fonte confiável de energia, garantindo longa duração e eficiência durante os ciclos de lavagem, ideal para manter o funcionamento contínuo sem depender exclusivamente da rede elétrica.<br><br><legendary>Duração de 7 dias</legendary>","17.5","12750","","","true","false","false","washbattery.png","true","2","false"
"washbleach","Alvejante","Comum","Produto químico potente utilizado para remover manchas difíceis e desinfetar superfícies. Ideal para limpeza pesada de roupas brancas e ambientes que exigem higienização profunda. Deve ser manuseado com cuidado.<br><br><legendary>Duração de 6 horas</legendary>","0.35","22725","","","true","false","false","washbleach.png","true","2","false"
"water","Garrafa de Água","Consumível","","0.25","35","2","","true","false","false","water.png","true","26","false"
"watercooler","Bebedouro","Consumível","","2.25","","","","true","false","false","watercooler.png","true","1","false"
"WEAPON_ACIDPACKAGE","Jornal","Arremesso","","0.75","10","","","true","false","false","newspaper.png","true","2","false"
"WEAPON_ADVANCEDRIFLE","MDR","Armamento","Armamento que utiliza <common>Munição de Rifle</common>.","7.75","22725","","","true","false","false","mdr.png","true","5","false"
"WEAPON_APPISTOL","Koch Vp9","Armamento","Armamento que utiliza <common>Munição de Sub</common>.","2.75","6225","","","true","false","false","kochvp9.png","true","4","false"
"WEAPON_ASSAULTRIFLE","AK-74N","Armamento","Armamento que utiliza <common>Munição de Rifle</common>.","7.75","22725","","","true","false","false","ak74n.png","true","5","false"
"WEAPON_ASSAULTRIFLE_MK2","AK-102","Armamento","Armamento que utiliza <common>Munição de Rifle</common>.","7.75","24225","","","true","false","false","ak102.png","true","4","false"
"WEAPON_ASSAULTSMG","F2000","Armamento","Armamento que utiliza <common>Munição de Sub</common>.","5.75","15225","","","true","false","false","f2000.png","true","4","false"
"WEAPON_BAT","Bastão de Beisebol","Armamento","","1.75","975","","","true","false","false","bat.png","true","3","false"
"WEAPON_BATTLEAXE","Machado de Batalha","Armamento","","1.75","975","","","true","false","false","battleaxe.png","true","2","false"
"WEAPON_BRICK","Tijolo","Arremesso","","0.75","25","","","true","false","false","brick.png","true","1","false"
"WEAPON_BULLPUPRIFLE","QBZ-95","Armamento","Armamento que utiliza <common>Munição de Rifle</common>.","7.75","22725","","","true","false","false","qbz95.png","true","5","false"
"WEAPON_BULLPUPRIFLE_MK2","L85","Armamento","Armamento que utiliza <common>Munição de Rifle</common>.","7.75","24225","","","true","false","false","l85.png","true","5","false"
"WEAPON_CARBINERIFLE","M4A1","Armamento","Armamento que utiliza <common>Munição de Rifle</common>.","7.75","22725","","","true","false","false","m4a1.png","true","11","false"
"WEAPON_CARBINERIFLE_MK2","H416","Armamento","Armamento que utiliza <common>Munição de Rifle</common>.","8.75","24225","","","true","false","false","h416.png","true","4","false"
"WEAPON_COMBATPISTOL","G18C","Armamento","Armamento que utiliza <common>Munição de Pistola</common>.","3.25","6225","","","true","false","false","g18c.png","true","9","false"
"WEAPON_COMPACTRIFLE","AKS74U","Armamento","Armamento que utiliza <common>Munição de Rifle</common>.","4.25","13225","","","true","false","false","aks74u.png","true","4","false"
"WEAPON_CROWBAR","Pé de Cabra","Armamento","","1.35","975","","","true","false","false","crowbar.png","true","5","false"
"WEAPON_FLASHLIGHT","Lanterna","Armamento","","0.75","975","","","true","false","false","flashlight.png","true","5","false"
"WEAPON_GOLFCLUB","Taco de Golf","Armamento","","1.65","975","","","true","false","false","golfclub.png","true","2","false"
"WEAPON_GUSENBERG","MPF45","Armamento","Armamento que utiliza <common>Munição de Sub</common>.","6.25","15225","","","true","false","false","mpf45.png","true","4","false"
"WEAPON_HAMMER","Martelo","Armamento","","1.45","975","","","true","false","false","hammer.png","true","2","false"
"WEAPON_HATCHET","Machado","Armamento","","1.75","975","","","true","false","false","hatchet.png","true","2","false"
"WEAPON_HEAVYPISTOL","M45A1","Armamento","Armamento que utiliza <common>Munição de Pistola</common>.","2.75","7225","","","true","false","false","m45a1.png","true","4","false"
"WEAPON_HEAVYRIFLE","Scar-H","Armamento","Armamento que utiliza <common>Munição de Rifle</common>.","7.75","24225","","","true","false","false","scarh.png","true","4","false"
"WEAPON_KATANA","Katana","Armamento","","1.75","5000","","legendary","true","false","true","katana.png","true","6","false"
"WEAPON_KNUCKLE","Soco Inglês","Armamento","","1.25","975","","","true","false","false","knuckle.png","true","2","false"
"WEAPON_MACHETE","Facão","Armamento","","1.35","975","","","true","false","false","machete.png","true","2","false"
"WEAPON_MACHINEPISTOL","Tec-9","Armamento","Armamento que utiliza <common>Munição de Sub</common>.","3.25","8225","","","true","false","false","tec9.png","true","3","false"
"WEAPON_MICROSMG","Uzi","Armamento","Armamento que utiliza <common>Munição de Sub</common>.","4.25","13225","","","true","false","false","uzi.png","true","6","false"
"WEAPON_MINISMG","MAC-10","Armamento","Armamento que utiliza <common>Munição de Sub</common>.","5.25","13225","","","true","false","false","mac10.png","true","3","false"
"WEAPON_MOLOTOV","Coquetel Molotov","Arremesso","","0.95","1225","2","","true","false","false","molotov.png","true","0","false"
"WEAPON_MUSKET","Winchester 1892","Armamento","Armamento que utiliza <common>Munição de Mosquete</common>.","6.25","3225","","","true","false","false","winchester.png","true","4","false"
"WEAPON_MUSKET_AMMO","Munição de Mosquete","Munição","","0.075","10","","","true","false","false","musketammo.png","true","2","false"
"WEAPON_NIGHTSTICK","Cassetete","Armamento","","1.15","975","","","true","false","false","nightstick.png","true","4","false"
"WEAPON_PETROLCAN","Galão","Armamento","","2.75","500","","","true","false","false","gallon.png","true","4","false"
"WEAPON_PETROLCAN_AMMO","Combustível","Munição","","0.001","0","","","true","false","false","fuel.png","true","2","false"
"WEAPON_PISTOL","M1911","Armamento","Armamento que utiliza <common>Munição de Pistola</common>.","2.25","5725","","","true","false","false","m1911.png","true","8","false"
"WEAPON_PISTOL_AMMO","Munição de Pistola","Munição","","0.025","15","","","true","false","false","pistolammo.png","true","10","false"
"WEAPON_PISTOL_MK2","T54","Armamento","Armamento que utiliza <common>Munição de Pistola</common>.","2.75","6225","","","true","false","false","t54.png","true","5","false"
"WEAPON_PISTOL50","Deagle","Armamento","Armamento que utiliza <common>Munição de Pistola</common>.","3.75","8225","","","true","false","false","deagle.png","true","4","false"
"WEAPON_POOLCUE","Taco de Sinuca","Armamento","","1.25","975","","","true","false","false","poolcue.png","true","2","false"
"WEAPON_PUMPSHOTGUN","M870","Armamento","Armamento que utiliza <common>Munição de Espingarda</common>.","7.25","13225","","","true","false","false","m870.png","true","9","false"
"WEAPON_PUMPSHOTGUN_MK2","MP133","Armamento","Armamento que utiliza <common>Munição de Espingarda</common>.","7.25","15275","","","true","false","false","mp133.png","true","3","false"
"WEAPON_RIFLE_AMMO","Munição de Rifle","Munição","","0.025","25","","","true","false","false","rifleammo.png","true","8","false"
"WEAPON_RPG","Lança Foguete","Armamento","Armamento que utiliza <common>Munição de Foguete</common>.","12.25","","","","true","false","false","rpg.png","true","2","false"
"WEAPON_RPG_AMMO","Munição de Foguete","Munição","","2.25","","","","true","false","false","rocket.png","true","0","false"
"WEAPON_SAWNOFFSHOTGUN","Mossberg 500","Armamento","Armamento que utiliza <common>Munição de Espingarda</common>.","5.75","13225","","","true","false","false","mossberg500.png","true","3","false"
"WEAPON_SHOES","Tênis","Arremesso","","0.755","25","","","true","false","false","shoes.png","true","2","false"
"WEAPON_SHOTGUN_AMMO","Munição de Espingarda","Munição","","0.05","50","","","true","false","false","shotgunammo.png","true","5","false"
"WEAPON_SMG","MP5","Armamento","Armamento que utiliza <common>Munição de Sub</common>.","5.25","12725","","","true","false","false","mp5.png","true","11","false"
"WEAPON_SMG_AMMO","Munição de Sub","Munição","","0.025","20","","","true","false","false","smgammo.png","true","7","false"
"WEAPON_SMG_MK2","MPX","Armamento","Armamento que utiliza <common>Munição de Sub</common>.","5.25","15225","","","true","false","false","mpx.png","true","4","false"
"WEAPON_SMOKEGRENADE","Granada de Fumaça","Arremesso","","0.95","1225","2","","true","false","false","smokegrenade.png","true","1","false"
"WEAPON_SNOWBALL","Bola de Neve","Arremesso","","0.55","25","","","true","false","false","snowball.png","true","0","false"
"WEAPON_SNSPISTOL","F57","Armamento","Armamento que utiliza <common>Munição de Pistola</common>.","2.25","4725","","","true","false","false","f57.png","true","4","false"
"WEAPON_SNSPISTOL_MK2","CZ52","Armamento","Armamento que utiliza <common>Munição de Pistola</common>.","3.25","5225","","","true","false","false","cz52.png","true","3","false"
"WEAPON_SPECIALCARBINE","G36C","Armamento","Armamento que utiliza <common>Munição de Rifle</common>.","8.75","22725","","","true","false","false","g36c.png","true","6","false"
"WEAPON_SPECIALCARBINE_MK2","Sig Sauer 556","Armamento","Armamento que utiliza <common>Munição de Rifle</common>.","8.75","24225","","","true","false","false","sigsauer556.png","true","4","false"
"WEAPON_STONE_HATCHET","Machado de Pedra","Armamento","","1.55","975","","","true","false","false","stonehatchet.png","true","2","false"
"WEAPON_STUNGUN","Tazer","Armamento","","0.75","725","","","true","false","false","stungun.png","true","4","false"
"WEAPON_SWITCHBLADE","Canivete","Armamento","","0.75","975","","","true","false","false","switchblade.png","true","6","false"
"WEAPON_TACTICALRIFLE","M16","Armamento","Armamento que utiliza <common>Munição de Rifle</common>.","7.75","24225","","","true","false","false","m16.png","true","5","false"
"WEAPON_VINTAGEPISTOL","M1922","Armamento","Armamento que utiliza <common>Munição de Pistola</common>.","3.25","4725","","","true","false","false","m1922.png","true","3","false"
"WEAPON_WRENCH","Chave Inglesa","Armamento","","1.45","975","","","true","false","false","wrench.png","true","6","false"
"weaponbox","Caixa de Armamento","Consumível","Resistente e segura, ideal para armazenamento e transporte de armas com praticidade e segurança.","3.25","100000","","rare","true","true","false","weaponbox.png","true","4","false"
"weaponkey","Chave da Harmonia","Comum","Projetada para ser encontrada e utilizada como parte da progressão na história ou na resolução de um enigma, adicionando um elemento de interatividade e imersão à experiência.","0.25","725","","epic","true","false","false","weaponkey.png","true","1","false"
"weaponparts","Peças de Armas","Comum","","1.25","125","","","true","false","false","weaponparts.png","true","35","false"
"weedsack","Pacote de Cannabis","Comum","","2.5","250","","","true","false","false","weedsack.png","true","2","false"
"wetdollar","Dólar Molhado","Comum","","0","1","","","true","false","false","wetdollar.png","true","5","false"
"wheat","Trigo","Comum","","0.05","5","","","false","false","false","wheat.png","true","0","false"
"woodlog","Tora de Madeira","Comum","","1","0","","","true","false","false","woodlog.png","true","6","false"
"yellowperch","Poleiro Amarelo","Comum","","0.5","80","","","true","false","false","yellowperch.png","true","3","false"
