"Resource","RuntimeClass","Started","StartDetail","Manifest","Files","SizeMB","StreamFiles","StreamMB","GitTrackedSource","DependencyHints","ContentSHA256","OriginLicense"
"[dev]/af_clothing_audit","INERT_EMPTY","False","","","0","0","0","0","False","","E3B0C44298FC1C149AFBF4C8996FB92427AE41E4649B934CA495991B7852B855","UNVERIFIED"
"[dev]/af_multiplayer_diagnostics","DEV_DISABLED","False","","fxmanifest.lua","4","0,01","0","0","False","""@vrp/lib/Utils.lua"", | dependency ""vrp""","F4CF1F6870F7B964FF8D56FE7D3D8E3DC42C475A8C1B8B0BAA8E7FC72B246453","UNVERIFIED"
"[dev]/af_vehicle_preview","DEV_DISABLED","False","","fxmanifest.lua","3","0,01","0","0","False","shared_script ""@vrp/lib/Utils.lua""","5F0D2F3E762A111C0FBE29B7899AF463A77FE6AEFB0F0AA5CDEE86715CAA234C","UNVERIFIED"
"[dev]/cds_finder","DEV_DISABLED","False","","fxmanifest.lua","4","0,04","0","0","False","","8C923BDFF074A8DE9092305075F894CC8810577198FF7099756ECDE6BC1D9FB5","UNVERIFIED"
"[empregos]/of_busjob","TRACKED_SOURCE","True","ensure of_busjob [DIRECT] line 50","fxmanifest.lua","7","0,06","0","0","True","dependency ""vrp"" | dependency ""target"" | ""@vrp/lib/Utils.lua"",","9FD94F4E6D67ABD96708B40CA8DFCBEEC0875FBEEA88F3AD784777123CD0AF7D","UNVERIFIED"
"[maps]/cfx-summerz","RUNTIME_EXTERNAL","True","start [maps] [GROUP] line 60","fxmanifest.lua","37","9,64","36","9,64","False","","D69755D61E84815A72B27A4700EE08A77A44A1144152E5F99B63295A516FAC5B","UNVERIFIED"
"[maps]/ed_carzone","RUNTIME_EXTERNAL","True","start [maps] [GROUP] line 60","fxmanifest.lua","26","11,44","24","11,44","False","","DC428A3C3974E685C864C4ADD2B801DE49D05FD89169E8C208017A06E9AF8E44","UNVERIFIED"
"[maps]/mansoes","RUNTIME_EXTERNAL","True","start [maps] [GROUP] line 60","fxmanifest.lua","157","99,47","156","99,47","False","","89A1CBE93042DF4AB6B331869B02A9710D06065AF1E2E46236E781D34EA852EC","UNVERIFIED"
"[maps]/mapas_extra","RUNTIME_EXTERNAL","True","start [maps] [GROUP] line 60","fxmanifest.lua","1348","484","1347","484","False","","62E6A6C19FD34C930804AFE0AA3D1F585A4EC3DB2EB3267D3B4E14825EB31704","UNVERIFIED"
"[maps]/mapPM","RUNTIME_EXTERNAL","True","start [maps] [GROUP] line 60","fxmanifest.lua","207","96,82","204","96,82","False","""@vrp/lib/utils.lua"",","EABC84B80910907386DA6BA223491F4332A43E3A3F905DE0588B04B804E6DA24","UNVERIFIED"
"[maps]/of_chapadao","RUNTIME_EXTERNAL","True","start [maps] [GROUP] line 60","fxmanifest.lua","229","50,36","227","50,36","False","dependency ""of_favelas_shared""","0DFBB3CA639FEDE814D3048C4DB89419BEACBDB6EBACF43C94E5E962D8293A9D","UNVERIFIED"
"[maps]/of_favela_cdd","RUNTIME_EXTERNAL","True","start [maps] [GROUP] line 60","fxmanifest.lua","166","20,02","164","20,02","False","dependency ""of_favelas_shared""","9506328F90B2A850828BC806C4575FE3910997809DD9CC0237019637E1114C36","UNVERIFIED"
"[maps]/of_favelas_shared","TRACKED_SOURCE_EXTERNAL_ASSETS","True","start [maps] [GROUP] line 60","fxmanifest.lua","90","65,28","86","65,28","True","dependency ""vrp"" | ""@vrp/lib/utils.lua"",","5FA89B7A0EC20C35921130F13A0018E324EB951CC8F66A63D3E4A940DE29EE39","UNVERIFIED"
"[maps]/PropertyShells","RUNTIME_EXTERNAL","True","start [maps] [GROUP] line 60","fxmanifest.lua","33","140,36","32","140,36","False","","6B55B10428B6940624E89C71B5F065852AD0E107826651F28AFBE86A3C0110BE","UNVERIFIED"
"[scripts]/admin","TRACKED_SOURCE","True","start [scripts] [GROUP] line 43","fxmanifest.lua","3","0,1","0","0","True","""@vrp/config/Native.lua"", | ""@PolyZone/client.lua"", | ""@vrp/lib/Utils.lua"", | ""@vrp/config/Global.lua""","E8272F6B2799F4F636F8E6EA316E6DF2CBFD7E28EF60F44539E89A3168789050","UNVERIFIED"
"[scripts]/af_illegal_races","TRACKED_SOURCE","True","start [scripts] [GROUP] line 43","fxmanifest.lua","12","0,42","0","0","True","dependencies { | ""@vrp/lib/Utils.lua"", | ""@vrp/config/Global.lua"", | ""@vrp/config/Native.lua"",","B209708BA664F3436ED4F8D0F3C4FF77F68321C0E67E06B7A0D82BA7F5F8BEC5","UNVERIFIED"
"[scripts]/af_vampire_skill","TRACKED_SOURCE","True","start [scripts] [GROUP] line 43","fxmanifest.lua","17","0,09","0","0","True","""@vrp/lib/Utils.lua"", | ""@vrp/config/Global.lua"",","0E5088B0869DCD5FC19ED5530C304CA89533702E21560666EC289B807662A5C2","UNVERIFIED"
"[scripts]/af_witch_broom","TRACKED_SOURCE","True","start [scripts] [GROUP] line 43","fxmanifest.lua","10","0,09","0","0","True","dependency ""vrp"" | dependency ""of_magic_broom"" | dependency ""of_broom_proxy"" | ""@vrp/lib/Utils.lua"", | ""@vrp/config/Global.lua"",","95EEA4BF2EB9FA75C10EED08DB8618491ACD79FFB390FAD47B3718AD5A7BDD64","UNVERIFIED"
"[scripts]/animacoes","RUNTIME_EXTERNAL","True","start [scripts] [GROUP] line 43","fxmanifest.lua","112","7,58","110","7,37","False","""@vrp/config/Native.lua"", | ""@PolyZone/client.lua"", | ""@vrp/lib/Utils.lua"",","1147D006FE67C180027CBDC4241A62AF97AED30151A389E8263C466E19EF8570","UNVERIFIED"
"[scripts]/animals","RUNTIME_EXTERNAL","True","start [scripts] [GROUP] line 43","fxmanifest.lua","3","0,01","0","0","False","""@vrp/config/Native.lua"", | ""@vrp/lib/Utils.lua"", | ""@vrp/config/Global.lua""","6E2DC79B6FCFC735F7E65CFF580437580A5F2B65C8058E945015CED386E9AAB8","UNVERIFIED"
"[scripts]/arena","RUNTIME_EXTERNAL","True","start [scripts] [GROUP] line 43","fxmanifest.lua","8","0,02","0","0","False","""@vrp/config/Native.lua"", | ""@PolyZone/client.lua"", | ""@vrp/lib/Utils.lua"",","930F7AF092F1A6296C50C9062BD6DDAC60729CE7D0E838C67C2059D32C805302","UNVERIFIED"
"[scripts]/bank","RUNTIME_EXTERNAL","True","start [scripts] [GROUP] line 43","fxmanifest.lua","7","0,6","0","0","False","""@vrp/config/Native.lua"", | ""@PolyZone/client.lua"", | ""@vrp/lib/Utils.lua"", | ""@vrp/config/Global.lua""","3A87441848B1EF5D59BCC32AA729FFFA8F263C5CF2088259365FFE7F4E8E71BF","UNVERIFIED"
"[scripts]/banned","RUNTIME_EXTERNAL","True","start [scripts] [GROUP] line 43","fxmanifest.lua","3","0","0","0","False","""@vrp/config/Native.lua"", | ""@PolyZone/client.lua"", | ""@vrp/lib/Utils.lua"", | ""@vrp/config/Global.lua""","51E93954284D5FA1CE4E695EE69FD6FE3EFC2695DC25EF420A0EAD9A2C1CCFD0","UNVERIFIED"
"[scripts]/barbershop","RUNTIME_EXTERNAL","True","start [scripts] [GROUP] line 43","fxmanifest.lua","323","218,68","268","217,44","False","""@vrp/config/Native.lua"", | ""@PolyZone/client.lua"", | ""@vrp/lib/Utils.lua"", | ""@vrp/config/Global.lua"",","05065EC551811E6565E8EA2E9FBC909217FA83A0EAF849D540467F961F32388F","UNVERIFIED"
"[scripts]/boosting","RUNTIME_EXTERNAL","True","start [scripts] [GROUP] line 43","fxmanifest.lua","6","0,31","0","0","False","""@vrp/config/Native.lua"", | ""@PolyZone/client.lua"", | ""@vrp/lib/Utils.lua"", | ""@vrp/config/Global.lua""","658D8E6AB12036BA897A3DCB48558A142585B78E6FEFA143C5F8DB1D484BDC78","UNVERIFIED"
"[scripts]/bus","RUNTIME_EXTERNAL","True","start [scripts] [GROUP] line 43","fxmanifest.lua","7","0,02","0","0","False","""@vrp/config/Native.lua"", | ""@PolyZone/client.lua"", | ""@vrp/lib/Utils.lua"", | ""@vrp/config/Global.lua"",","726DE8303747DE27C2296CF9037E1F84245073DFD0EFBDBDF8FE7145CAEA51DE","UNVERIFIED"
"[scripts]/cemitery","RUNTIME_EXTERNAL","True","start [scripts] [GROUP] line 43","fxmanifest.lua","2","0,01","0","0","False","""@vrp/config/Native.lua"", | ""@PolyZone/client.lua"", | ""@vrp/lib/Utils.lua"",","570837A6CDEA2A602F522145262284CFAD76BD05FA068688A990BD52D17B5602","UNVERIFIED"
"[scripts]/cfWorks","TRACKED_SOURCE","True","start [scripts] [GROUP] line 43","fxmanifest.lua","20","0,12","0","0","True","""@vrp/lib/Utils.lua"",","CB7576482147E5C9486835E3F6AA8146A1289FF74BDF79B18AC9B815F1153090","UNVERIFIED"
"[scripts]/chat","RUNTIME_EXTERNAL","True","start [scripts] [GROUP] line 43","fxmanifest.lua","9","0,19","0","0","False","""@vrp/config/Native.lua"", | ""@vrp/lib/Utils.lua"", | ""@vrp/config/Global.lua""","529E2FA932CA3DCC09835C54C423DD2852959F6C7CEAE979E3CC132246D7050E","UNVERIFIED"
"[scripts]/chest","TRACKED_SOURCE","True","start [scripts] [GROUP] line 43","fxmanifest.lua","3","0,03","0","0","True","""@vrp/config/Native.lua"", | ""@PolyZone/client.lua"", | ""@vrp/lib/Utils.lua"", | ""@vrp/config/Global.lua""","D64015ECD9F00A2CD36786C3BF73614255BB431EFA6F2C84EB46DCCC4FCD32B2","UNVERIFIED"
"[scripts]/clothes_addon","RUNTIME_EXTERNAL","True","start [scripts] [GROUP] line 43","fxmanifest.lua","12766","3130,92","12764","3130,92","False","","EBD052A48C4603679433386C54C021C4BDDFCF1476B188E45BFD89998BA205BA","UNVERIFIED"
"[scripts]/crafting","TRACKED_SOURCE","True","start [scripts] [GROUP] line 43","fxmanifest.lua","4","0,07","0","0","True","dependency ""oxmysql"" | dependency ""sao_judas_operations"" | ""@vrp/config/Native.lua"", | ""@PolyZone/client.lua"", | ""@vrp/lib/Utils.lua"", | ""@vrp/config/Global.lua"", | ""@sao_judas_operations/config.lua"",","979406287EFF128DA3175DD85BDF9F4246ED98B22C4CD1D778D6F06E8EBD01EA","UNVERIFIED"
"[scripts]/creative","RUNTIME_EXTERNAL","True","start [scripts] [GROUP] line 43","fxmanifest.lua","9","0,09","0","0","False","""@vrp/config/Native.lua"", | ""@PolyZone/client.lua"", | ""@vrp/lib/Utils.lua"",","B47B5CE5FA40B465D65669C42FE3D0102892ADE1320F0ADB93BF89C54CE636C5","UNVERIFIED"
"[scripts]/crons","RUNTIME_EXTERNAL","True","start [scripts] [GROUP] line 43","fxmanifest.lua","3","0,01","0","0","False","""@vrp/lib/Utils.lua"",","751686DF563F24812D1B8ECCB4896F034DFF0C2F3E3BFA404BFBB7E56CB99FF6","UNVERIFIED"
"[scripts]/deliver","RUNTIME_EXTERNAL","True","start [scripts] [GROUP] line 43","fxmanifest.lua","3","0,01","0","0","False","""@vrp/config/Native.lua"", | ""@PolyZone/client.lua"", | ""@vrp/lib/Utils.lua"", | ""@vrp/config/Global.lua"",","35FBE1DE372C84DAF223112F06B2993CF30B69C90A934A5E62A3E48E2AE4CA9F","UNVERIFIED"
"[scripts]/device","RUNTIME_EXTERNAL","True","start [scripts] [GROUP] line 43","fxmanifest.lua","5","0,31","0","0","False","""@vrp/lib/Utils.lua"",","E7FDBD1D31766787BAA3CA9E4EF6FAB8554859AAB4E1BA2AB7C209489A3B6840","UNVERIFIED"
"[scripts]/discord","RUNTIME_EXTERNAL","True","start [scripts] [GROUP] line 43","fxmanifest.lua","3","0","0","0","False","""@vrp/config/Native.lua"", | ""@PolyZone/client.lua"", | ""@vrp/lib/Utils.lua"", | ""@vrp/config/Global.lua""","AF1684A8EDEBE65BBE19BD5B34C2A29EF15D2E2CCAD40D473AE7B9F076B08C66","UNVERIFIED"
"[scripts]/domination","RUNTIME_EXTERNAL","True","start [scripts] [GROUP] line 43","fxmanifest.lua","4","0,02","0","0","False","""@PolyZone/client.lua"", | ""@vrp/config/Native.lua"", | ""@vrp/lib/Utils.lua"", | ""@vrp/config/Global.lua"",","90FE31E122478D740AC49338E739AE4AC916462EB8A577E38B53E0D30838ECE1","UNVERIFIED"
"[scripts]/doors","RUNTIME_EXTERNAL","True","start [scripts] [GROUP] line 43","fxmanifest.lua","6","0,26","0","0","False","""@vrp/config/Native.lua"", | ""@PolyZone/client.lua"", | ""@vrp/lib/Utils.lua"", | ""@vrp/config/Global.lua""","BCEC59D8D13B1304780E313A2B0A5F777666890F299ECD0BF45EC99061921B49","UNVERIFIED"
"[scripts]/dynamic","TRACKED_SOURCE","True","start [scripts] [GROUP] line 43","fxmanifest.lua","8","0,13","0","0","True","""@vrp/config/Native.lua"", | ""@PolyZone/client.lua"", | ""@vrp/lib/Utils.lua"", | ""@vrp/config/Global.lua""","4C8FADF82F2345621A1161D3FBD0F3F9DAE28E96134F4663E28EBAAEB132F090","UNVERIFIED"
"[scripts]/election","RUNTIME_EXTERNAL","True","start [scripts] [GROUP] line 43","fxmanifest.lua","11","0,48","0","0","False","dependency ""ox_lib"" | ""@vrp/lib/Utils.lua"", | ""@ox_lib/init.lua"",","2040FD1DD927EF1A984272B37121FCDE7CCCD296597D3A99F7B0552F4368BB21","UNVERIFIED"
"[scripts]/elevator","RUNTIME_EXTERNAL","True","start [scripts] [GROUP] line 43","fxmanifest.lua","6","0,3","0","0","False","","701E1F05C226C190F2429FFEB87E4DA6375D2600854691EB831EAFD3BEB58A6F","UNVERIFIED"
"[scripts]/ems","TRACKED_SOURCE","True","start [scripts] [GROUP] line 43","fxmanifest.lua","9","0,73","0","0","True","""@vrp/config/Native.lua"", | ""@PolyZone/client.lua"", | ""@vrp/lib/Utils.lua"", | ""@vrp/config/Global.lua"",","240A1AE262E0987839666B59770FB78D9F385BD0A445CA3EAB098B5038F11DA5","UNVERIFIED"
"[scripts]/engine","RUNTIME_EXTERNAL","True","start [scripts] [GROUP] line 43","fxmanifest.lua","8","0,28","0","0","False","""@vrp/config/Native.lua"", | ""@PolyZone/client.lua"", | ""@vrp/lib/Utils.lua"", | ""@vrp/config/Global.lua""","01102305943AAAEC0F2F4DD10438F55C62D39B1ADF26333E7B554D6CF697DAFD","UNVERIFIED"
"[scripts]/farmer","RUNTIME_EXTERNAL","True","start [scripts] [GROUP] line 43","fxmanifest.lua","4","0,25","0","0","False","""@vrp/config/Native.lua"", | ""@PolyZone/client.lua"", | ""@vrp/lib/Utils.lua"", | ""@vrp/config/Global.lua"",","81F106F73DE9280F9FA4C2513AA432A44B4E5C9C5456D004738F0D7E6E128ADC","UNVERIFIED"
"[scripts]/fluxo_ifood","RUNTIME_EXTERNAL","True","start [scripts] [GROUP] line 43","fxmanifest.lua","4","0,02","0","0","False","dependency ""vrp"" | ""@vrp/lib/utils.lua"",","528D5390D1703D2C04C5DE0C642884B8DF97050F0646F1B4F0AA9369D22878BE","UNVERIFIED"
"[scripts]/fuelstations","RUNTIME_EXTERNAL","True","start [scripts] [GROUP] line 43","fxmanifest.lua","19","0,4","0","0","False","""@vrp/config/Native.lua"", | ""@vrp/lib/Utils.lua"", | ""@vrp/config/Global.lua"",","A83CD0FDE8481C5D4820207BCFB3771C05B45C9A423F107AD1E9465FA07ED7A7","UNVERIFIED"
"[scripts]/garages","TRACKED_SOURCE","True","start [scripts] [GROUP] line 43","fxmanifest.lua","11","0,31","0","0","True","""@vrp/config/Native.lua"", | ""@vrp/lib/Utils.lua"", | ""@vrp/config/Global.lua""","4EE787B780001B722010E2A0D9135A4D5C0171ACE9036B81A99C1945AC29FBB2","UNVERIFIED"
"[scripts]/grime","RUNTIME_EXTERNAL","True","start [scripts] [GROUP] line 43","fxmanifest.lua","4","0,01","0","0","False","""@vrp/config/Native.lua"", | ""@PolyZone/client.lua"", | ""@vrp/lib/Utils.lua"", | ""@vrp/config/Global.lua"",","5EB4486716583BD7BEC3324EA75CE9CBCA7052D571B9AFAE6580199C770B9A6D","UNVERIFIED"
"[scripts]/helicrash","RUNTIME_EXTERNAL","True","start [scripts] [GROUP] line 43","fxmanifest.lua","4","0,02","0","0","False","""@vrp/config/Native.lua"", | ""@PolyZone/client.lua"", | ""@vrp/lib/Utils.lua"", | ""@vrp/config/Global.lua"",","33F511B9D6CF8899811F479BDF819890259493E8EAC60A5C7FB2BB51462917C4","UNVERIFIED"
"[scripts]/hoverfy","RUNTIME_EXTERNAL","True","start [scripts] [GROUP] line 43","fxmanifest.lua","5","0,08","0","0","False","""@vrp/config/Native.lua"", | ""@PolyZone/client.lua"", | ""@vrp/lib/Utils.lua"",","C4FCEFAA72DCFD3FFD2C542972729CCCF3DA77B587266392ECEDCAD57D4C928C","UNVERIFIED"
"[scripts]/hud","TRACKED_SOURCE","True","start [scripts] [GROUP] line 43","fxmanifest.lua","21","0,77","0","0","True","""@vrp/config/Native.lua"", | ""@PolyZone/client.lua"", | ""@vrp/lib/Utils.lua"", | ""@vrp/config/Global.lua""","244E297349F8C038E505BD917F76805C83464424BC028E526F430655B9A79A07","UNVERIFIED"
"[scripts]/inspect","TRACKED_SOURCE","True","start [scripts] [GROUP] line 43","fxmanifest.lua","3","0,02","0","0","True","""@vrp/config/Native.lua"", | ""@PolyZone/client.lua"", | ""@vrp/lib/Utils.lua"", | ""@vrp/config/Global.lua""","B2133CC9B5A6712E8982FBD1FBEDCE2A9261CEF82B5D2D752A24092FCB56ED2B","UNVERIFIED"
"[scripts]/inventory","TRACKED_SOURCE","True","start [scripts] [GROUP] line 43","fxmanifest.lua","47","1,35","0","0","True","dependency ""pombal_finance"" | ""@vrp/config/Native.lua"", | ""@PolyZone/client.lua"", | ""@vrp/lib/Utils.lua"", | ""@vrp/config/Global.lua"",","D42E46C1A4D03A2A01211E0EA1843B7580A48C44DDDBFAD239C744991D70BB32","UNVERIFIED"
"[scripts]/keyboard","TRACKED_SOURCE","True","start [scripts] [GROUP] line 43","fxmanifest.lua","5","0,13","0","0","True","""@vrp/config/Native.lua"", | ""@PolyZone/client.lua"", | ""@vrp/lib/Utils.lua"",","EBEC9D95D4C9F20CA6AFCFA8F34A3F562A58E28AAD95A5DFFB3B3F596F8AB42B","UNVERIFIED"
"[scripts]/lettergame","RUNTIME_EXTERNAL","True","start [scripts] [GROUP] line 43","fxmanifest.lua","9","0,28","0","0","False","""@vrp/lib/Utils.lua"",","84F3EC2F2BF02D6E65AA539F10B3F075DB30BB82FBC6CB0037922D63AE9C2F6B","UNVERIFIED"
"[scripts]/lscustoms","TRACKED_SOURCE","True","start [scripts] [GROUP] line 43","fxmanifest.lua","15","0,98","0","0","True","""@vrp/config/Native.lua"", | ""@PolyZone/client.lua"", | ""@vrp/lib/Utils.lua"", | ""@vrp/config/Global.lua"",","D7D7F8B5790086E458F944DB215B8FD6DD962A8FC9D4E56FCC598F181EC749F7","UNVERIFIED"
"[scripts]/luckywheel","RUNTIME_EXTERNAL","True","start [scripts] [GROUP] line 43","fxmanifest.lua","4","0,01","0","0","False","""@vrp/config/Native.lua"", | ""@vrp/lib/Utils.lua"",","9B477461055420561E297060887E9ED5EA12F2EB7FA444F436F104A4C77A9BFF","UNVERIFIED"
"[scripts]/markers","RUNTIME_EXTERNAL","True","start [scripts] [GROUP] line 43","fxmanifest.lua","4","0,01","0","0","False","""@vrp/config/Native.lua"", | ""@PolyZone/client.lua"", | ""@vrp/lib/Utils.lua"", | ""@vrp/config/Global.lua"",","A4B4B59A58BBAB0EAE821A6E5C41AD954F5206E6683B2AA301BBF96169C5F51F","UNVERIFIED"
"[scripts]/marriage","RUNTIME_EXTERNAL","True","start [scripts] [GROUP] line 43","fxmanifest.lua","8","0,84","0","0","False","""@vrp/lib/Utils.lua""","72C518AE95FC28E6B29C29E9477518FAA5BFF49FC57EA6E791B4B1E74F37005D","UNVERIFIED"
"[scripts]/mdt","RUNTIME_EXTERNAL","True","start [scripts] [GROUP] line 43","fxmanifest.lua","10","1,4","0","0","False","""@vrp/config/Native.lua"", | ""@PolyZone/client.lua"", | ""@vrp/lib/Utils.lua"", | ""@vrp/config/Global.lua"",","CD3DD0AC4A41E2C420E90630CC9ECBACC8CD596CAFAA048E84E40B87286A2292","UNVERIFIED"
"[scripts]/megazord","RUNTIME_EXTERNAL","True","start [scripts] [GROUP] line 43","fxmanifest.lua","4","0,03","0","0","False","""@vrp/lib/Utils.lua"",","01D1ED7C056FCAD0D5C3E5AA88627225737D907868FDC39F6B25227F99E32881","UNVERIFIED"
"[scripts]/moneywash","RUNTIME_EXTERNAL","True","start [scripts] [GROUP] line 43","fxmanifest.lua","7","0,05","0","0","False","dependency ""pombal_finance"" | ""@vrp/config/Native.lua"", | ""@PolyZone/client.lua"", | ""@vrp/lib/Utils.lua"", | ""@vrp/config/Global.lua"",","0E6FDD24603877E8BDACA67B088204DD876A4924F19DFB0110BF49F7495F5454","UNVERIFIED"
"[scripts]/nation_concessionaria","TRACKED_SOURCE","True","start [scripts] [GROUP] line 43","fxmanifest.lua","2817","338,99","0","0","True","""@vrp/lib/utils.lua"",","C66456C89A494076AD36F3E8BB7CA0DCE3D288E42C44D56525515848BE02FA2F","UNVERIFIED"
"[scripts]/notepad","RUNTIME_EXTERNAL","True","start [scripts] [GROUP] line 43","fxmanifest.lua","6","0,01","0","0","False","""@vrp/config/Native.lua"", | ""@PolyZone/client.lua"", | ""@vrp/lib/Utils.lua"", | ""@vrp/config/Global.lua""","6E2E38A6146710B900363C660AACD27482515C66E8DE1C63E8D5541E2DF45C2E","UNVERIFIED"
"[scripts]/notify","TRACKED_SOURCE","True","start [scripts] [GROUP] line 43","fxmanifest.lua","16","0,14","0","0","True","","5A5B0E1310F049F25250E5810EDB2BBEFD004388997BA8C536CBD6AEC8108E49","UNVERIFIED"
"[scripts]/notifycall","RUNTIME_EXTERNAL","True","start [scripts] [GROUP] line 43","fxmanifest.lua","7","0,29","0","0","False","""@vrp/config/Native.lua"", | ""@PolyZone/client.lua"", | ""@vrp/lib/Utils.lua"", | ""@vrp/config/Global.lua"",","334B6EE4DD6E9D744D98C6E84B8595ACB0C2EE8A7AA150F22630D9B379F40F65","UNVERIFIED"
"[scripts]/of_aviao_pombal","TRACKED_SOURCE","True","start [scripts] [GROUP] line 43; ensure of_aviao_pombal [DIRECT] line 44","fxmanifest.lua","4","0,03","0","0","True","dependency ""vrp"" | dependency ""target"" | dependency ""pombal_finance"" | ""@vrp/lib/Utils.lua"",","63EE5C00A636B08616B06138CBF78D6820B1678F1D95F214AB34D4555E64B71C","UNVERIFIED"
"[scripts]/of_aviao_sao_judas","TRACKED_SOURCE","True","start [scripts] [GROUP] line 43; ensure of_aviao_sao_judas [DIRECT] line 45","fxmanifest.lua","4","0,03","0","0","True","dependency ""vrp"" | dependency ""target"" | ""@vrp/lib/Utils.lua"",","07A9785689AEB585805C16CC169A89C706FEEE315B8030188C7B0D38E31765B0","UNVERIFIED"
"[scripts]/pages","RUNTIME_EXTERNAL","True","start [scripts] [GROUP] line 43","fxmanifest.lua","6","0,3","0","0","False","""@vrp/lib/Utils.lua"",","9F17EF82463083357E94FCC8C023C6E76E7A9B921DB4F0470E1096CAB29AC10F","UNVERIFIED"
"[scripts]/painel","TRACKED_SOURCE","True","start [scripts] [GROUP] line 43","fxmanifest.lua","9","2,01","0","0","True","""@vrp/config/Native.lua"", | ""@PolyZone/client.lua"", | ""@vrp/lib/Utils.lua"", | ""@vrp/config/Global.lua"",","9285EB099316081AF3C94C5141086290B4AD15B9006F0C4F9D095C83ACDA656C","UNVERIFIED"
"[scripts]/paramedic","TRACKED_SOURCE","True","start [scripts] [GROUP] line 43","fxmanifest.lua","3","0,02","0","0","True","""@vrp/config/Native.lua"", | ""@PolyZone/client.lua"", | ""@vrp/lib/Utils.lua"", | ""@vrp/config/Global.lua""","40759D3B2E01DF88599E8BDEDD4B9ACCF260F8E2EF0871189E5A650848D0F7BF","UNVERIFIED"
"[scripts]/party","RUNTIME_EXTERNAL","True","start [scripts] [GROUP] line 43","fxmanifest.lua","7","0,47","0","0","False","""@vrp/config/Native.lua"", | ""@PolyZone/client.lua"", | ""@vrp/lib/Utils.lua"", | ""@vrp/config/Global.lua"",","F035FD9DFB4131502EA3EAE2DFE0D0F650FA8FDB557733F9DAB235287AF7575A","UNVERIFIED"
"[scripts]/pause","RUNTIME_EXTERNAL","True","start [scripts] [GROUP] line 43","fxmanifest.lua","28","5,43","0","0","False","""@vrp/config/Native.lua"", | ""@PolyZone/client.lua"", | ""@vrp/lib/Utils.lua"", | ""@vrp/config/Global.lua"",","6DBA8D168947E915576BDA7B06D6114A5E88269CD085F5D06F68CFA91CF3924C","UNVERIFIED"
"[scripts]/pdm","RUNTIME_EXTERNAL","True","start [scripts] [GROUP] line 43","fxmanifest.lua","7","0,16","0","0","False","""@vrp/config/Native.lua"", | ""@vrp/lib/Utils.lua"", | ""@vrp/config/Global.lua""","5768F90A65D55742BBD0F1E04673B7ACFA7CCC34E6012693410856BE642200A7","UNVERIFIED"
"[scripts]/perimeter","RUNTIME_EXTERNAL","True","start [scripts] [GROUP] line 43","fxmanifest.lua","3","0,01","0","0","False","""@vrp/config/Native.lua"", | ""@vrp/lib/Utils.lua"", | ""@vrp/config/Global.lua""","D66B0C80722AF6A38F08543523AE14EA491AC652CA5B742AFACE6B1BA8C8E177","UNVERIFIED"
"[scripts]/plants","TRACKED_SOURCE","True","start [scripts] [GROUP] line 43","fxmanifest.lua","3","0,02","0","0","True","""@vrp/config/Native.lua"", | ""@PolyZone/client.lua"", | ""@vrp/lib/Utils.lua"", | ""@vrp/config/Global.lua""","74A1AFAFC8BDAF2FFDE0D2BC870FB039FA0E90C5AEA824A80315E3AD4A7480C6","UNVERIFIED"
"[scripts]/player","TRACKED_SOURCE","True","start [scripts] [GROUP] line 43","fxmanifest.lua","3","0,04","0","0","True","""@vrp/config/Native.lua"", | ""@PolyZone/client.lua"", | ""@vrp/lib/Utils.lua"", | ""@vrp/config/Global.lua""","63F401D76B833C8FC9E32D73BF63B1C882590F77345BFB255BB3944832095FD1","UNVERIFIED"
"[scripts]/pombal_finance","TRACKED_SOURCE","True","start [scripts] [GROUP] line 43","fxmanifest.lua","4","0,02","0","0","True","dependency ""vrp"" | dependency ""oxmysql"" | dependency ""target"" | ""@vrp/lib/Utils.lua"", | ""@vrp/config/Global.lua"",","6192DA2B5AC8A64F12CC018E41E400F7B7A194DF7A9E7AEBC6D4691C5458D66B","UNVERIFIED"
"[scripts]/prison","RUNTIME_EXTERNAL","True","start [scripts] [GROUP] line 43","fxmanifest.lua","3","0,01","0","0","False","""@vrp/config/Native.lua"", | ""@PolyZone/client.lua"", | ""@vrp/lib/Utils.lua"", | ""@vrp/config/Global.lua""","A8FA53C66068D48C42386DF2BCBE4E8B33D8DB6AB822BAEB9DB6E2C8220BF3AB","UNVERIFIED"
"[scripts]/propertys","RUNTIME_EXTERNAL","True","start [scripts] [GROUP] line 43","fxmanifest.lua","8","0,12","0","0","False","""@vrp/config/Native.lua"", | ""@PolyZone/client.lua"", | ""@vrp/lib/Utils.lua"", | ""@vrp/config/Global.lua"",","752A4113990F8FE677AC10D289E4DEC3E89FC6AA2AC6C82D2CC6D94C1DF197F1","UNVERIFIED"
"[scripts]/races","RUNTIME_EXTERNAL","True","start [scripts] [GROUP] line 43","fxmanifest.lua","42","14,6","0","0","False","""@vrp/config/Native.lua"", | ""@PolyZone/client.lua"", | ""@vrp/lib/Utils.lua"", | ""@vrp/config/Global.lua"",","593DC9DD865BF7666391B314CB6E65B875D65AF7D02C44ED9FA1AD6C01D8B1A2","UNVERIFIED"
"[scripts]/radar","RUNTIME_EXTERNAL","True","start [scripts] [GROUP] line 43","fxmanifest.lua","5","0,01","0","0","False","""@vrp/config/Native.lua"", | ""@PolyZone/client.lua"", | ""@vrp/lib/Utils.lua"", | ""@vrp/config/Global.lua""","D7B2D385B63618386A493A775AE86A78688DFE67883A5A2278CD1E56964E6937","UNVERIFIED"
"[scripts]/referrals","RUNTIME_EXTERNAL","True","start [scripts] [GROUP] line 43","fxmanifest.lua","8","0,99","0","0","False","""@vrp/config/Vehicle.lua"", | ""@vrp/config/Global.lua"", | ""@vrp/config/Item.lua"", | ""@vrp/lib/Utils.lua"",","4824AE29313B0ACA4F603C692F96590C9F05E03E9C00F37C5F5D5F899AAEE58F","UNVERIFIED"
"[scripts]/request","RUNTIME_EXTERNAL","True","start [scripts] [GROUP] line 43","fxmanifest.lua","5","0,08","0","0","False","""@vrp/config/Native.lua"", | ""@PolyZone/client.lua"", | ""@vrp/lib/Utils.lua"",","2DF5CEBFED7F3AA436E20BEA6EC8AD9ACC64D6F603A774530A1D04162E8A12A5","UNVERIFIED"
"[scripts]/routes","RUNTIME_EXTERNAL","True","start [scripts] [GROUP] line 43","fxmanifest.lua","7","0,28","0","0","False","""@vrp/config/Native.lua"", | ""@PolyZone/client.lua"", | ""@vrp/lib/Utils.lua"", | ""@vrp/config/Item.lua"", | ""@vrp/config/Vehicle.lua"", | ""@vrp/config/Global.lua"",","8932D3230325EEACFD6DC83D295ACF32512419CAC22C27B5CCD1D66676A29CA7","UNVERIFIED"
"[scripts]/safezone","RUNTIME_EXTERNAL","True","start [scripts] [GROUP] line 43","fxmanifest.lua","2","0","0","0","False","""@PolyZone/client.lua"", | ""@vrp/lib/Utils.lua"",","9F01687280EFC92854A1BBFF9AA0999270DE0FFAF84C72EBA95896A667683686","UNVERIFIED"
"[scripts]/sao_judas_operations","TRACKED_SOURCE","True","start [scripts] [GROUP] line 43","fxmanifest.lua","4","0,05","0","0","True","dependency ""vrp"" | dependency ""oxmysql"" | dependency ""target"" | ""@vrp/lib/Utils.lua"", | ""@vrp/config/Global.lua"",","0C109363109691DF8673135E6E16899201BCCD3C0B6BF708A8CDDBB473E3A8F5","UNVERIFIED"
"[scripts]/sao_judas_street_sales","TRACKED_SOURCE","True","start [scripts] [GROUP] line 43","fxmanifest.lua","14","0,1","0","0","True","dependencies { | ""@vrp/lib/Utils.lua"", | ""@vrp/config/Global.lua"",","102F44865F5EC1797DD2C46A56B5E04ABEC87B612EC34E89E19F5546AD809CA5","UNVERIFIED"
"[scripts]/securitycam","RUNTIME_EXTERNAL","True","start [scripts] [GROUP] line 43","fxmanifest.lua","4","0,01","0","0","False","""@vrp/config/Native.lua"", | ""@vrp/lib/Utils.lua"",","DC785DCAB3E9A808061B1D13594C00DDA8751A00AADBB4BB1070E2EC431951BC","UNVERIFIED"
"[scripts]/shops","TRACKED_SOURCE","True","start [scripts] [GROUP] line 43","fxmanifest.lua","4","0,05","0","0","True","""@vrp/config/Native.lua"", | ""@PolyZone/client.lua"", | ""@vrp/lib/Utils.lua"", | ""@vrp/config/Global.lua"",","DB8513FF8E79E05211096CA554AE58D342046F7A30400F30A6CC7D24DFA411AA","UNVERIFIED"
"[scripts]/skinshop","TRACKED_SOURCE","True","start [scripts] [GROUP] line 43","fxmanifest.lua","7","0,36","0","0","True","""@vrp/config/Native.lua"", | ""@PolyZone/client.lua"", | ""@vrp/lib/Utils.lua"", | ""@vrp/config/Global.lua""","C37FA73156C0024F2FCBA6FE8456BB6A57D5EC2F2E4F9A73660B09991F70405F","UNVERIFIED"
"[scripts]/skinweapon","RUNTIME_EXTERNAL","True","start [scripts] [GROUP] line 43","fxmanifest.lua","6","0,3","0","0","False","""@vrp/config/Native.lua"", | ""@vrp/lib/Utils.lua"", | ""@vrp/config/Global.lua"",","A3A316EA32D4D516AFDB449A894E10E7C86CAC03F56EA0910D173199F5A99F92","UNVERIFIED"
"[scripts]/slotmachine","RUNTIME_EXTERNAL","True","start [scripts] [GROUP] line 43","fxmanifest.lua","4","0,01","0","0","False","""@vrp/config/Native.lua"", | ""@vrp/lib/Utils.lua"",","18949B8784E56FEB1113FED107CB7860CA6934B87B3F3550848F8156B97282CD","UNVERIFIED"
"[scripts]/spawn","RUNTIME_EXTERNAL","True","start [scripts] [GROUP] line 43","fxmanifest.lua","7","0,17","0","0","False","""@vrp/config/Native.lua"", | ""@vrp/lib/Utils.lua"", | ""@vrp/config/Global.lua"",","310B3E727A4AD48E51A24C5A6246D79FCF6345EE94DFB821B24254A3142A58B3","UNVERIFIED"
"[scripts]/survival","TRACKED_SOURCE","True","start [scripts] [GROUP] line 43","fxmanifest.lua","5","0,31","0","0","True","""@vrp/config/Native.lua"", | ""@PolyZone/client.lua"", | ""@vrp/lib/Utils.lua"",","AA3B985EED84A2E0B8D94C74A6725432C53398104192EA7A578480900C53D458","UNVERIFIED"
"[scripts]/tackle","RUNTIME_EXTERNAL","True","start [scripts] [GROUP] line 43","fxmanifest.lua","3","0","0","0","False","""@vrp/config/Native.lua"", | ""@PolyZone/client.lua"", | ""@vrp/lib/Utils.lua"",","EE032F14DB5036B043284E656D966E26105BB85AD14ADC06CB79059EEE279ABA","UNVERIFIED"
"[scripts]/target","TRACKED_SOURCE","True","ensure target [DIRECT] line 42; start [scripts] [GROUP] line 43","fxmanifest.lua","11","0,14","0","0","True","dependencies { | ""@PolyZone/client.lua"", | ""@PolyZone/BoxZone.lua"", | ""@vrp/config/Native.lua"", | ""@PolyZone/EntityZone.lua"", | ""@PolyZone/CircleZone.lua"", | ""@PolyZone/ComboZone.lua"", | ""@vrp/lib/Utils.lua"", | ""@vrp/config/Global.lua"",","3ECDFC0FB0E2DA41AC335B75A87383D17E353852DE86A68607C04651CB688A37","UNVERIFIED"
"[scripts]/taskbar","RUNTIME_EXTERNAL","True","start [scripts] [GROUP] line 43","fxmanifest.lua","6","0,08","0","0","False","""@vrp/lib/Utils.lua"",","E48F4444D111E986CEC023B8DC6A26F514BFA6149E8FB5B3BE6AAFA9EE6480E1","UNVERIFIED"
"[scripts]/tattooshop","RUNTIME_EXTERNAL","True","start [scripts] [GROUP] line 43","fxmanifest.lua","6","0,39","0","0","False","""@vrp/config/Native.lua"", | ""@PolyZone/client.lua"", | ""@vrp/lib/Utils.lua"", | ""@vrp/config/Global.lua"",","94BBC8587322E00B5A500470993A901D6BCA0A75B1DDEA94597FD78172FEA58D","UNVERIFIED"
"[scripts]/taxi","RUNTIME_EXTERNAL","True","start [scripts] [GROUP] line 43","fxmanifest.lua","8","0,03","0","0","False","""@vrp/config/Native.lua"", | ""@PolyZone/client.lua"", | ""@vrp/lib/Utils.lua"", | ""@vrp/config/Global.lua"",","8CDD14F60D305E2876BE845D6F4B2CE2E2CF98AA67777F62440640E37DB1F39A","UNVERIFIED"
"[scripts]/taximeter","RUNTIME_EXTERNAL","True","start [scripts] [GROUP] line 43","fxmanifest.lua","12","0,44","0","0","False","","097459D15AD107D2564D4EA49AE129DF424A2AF9275D574142B1558721F9056D","UNVERIFIED"
"[scripts]/throwing","RUNTIME_EXTERNAL","True","start [scripts] [GROUP] line 43","fxmanifest.lua","4","0,01","0","0","False","""@vrp/config/Native.lua"", | ""@PolyZone/client.lua"", | ""@vrp/lib/Utils.lua"", | ""@vrp/config/Global.lua"",","F06EEAE26700B10E46C87999D2DAC4273FBB8FCF9808D428279206A477BB5E58","UNVERIFIED"
"[scripts]/ticket","RUNTIME_EXTERNAL","True","start [scripts] [GROUP] line 43","fxmanifest.lua","10","0,52","0","0","False","""@vrp/config/Native.lua"", | ""@vrp/lib/Utils.lua"", | ""@vrp/config/Global.lua"",","BB7240691A0276D0576F34502036DDBA375DAD93954079B2376F99B4B99A62B6","UNVERIFIED"
"[scripts]/towed","RUNTIME_EXTERNAL","True","start [scripts] [GROUP] line 43","fxmanifest.lua","4","0,02","0","0","False","""@vrp/config/Native.lua"", | ""@PolyZone/client.lua"", | ""@vrp/lib/Utils.lua"", | ""@vrp/config/Global.lua"",","F6368166B4D2C53077DEEEF251C82ED208C0BEF05E3C0C475A99D5E7ABCCECA5","UNVERIFIED"
"[scripts]/trucker","RUNTIME_EXTERNAL","True","start [scripts] [GROUP] line 43","fxmanifest.lua","3","0,01","0","0","False","""@vrp/config/Native.lua"", | ""@PolyZone/client.lua"", | ""@vrp/lib/Utils.lua"", | ""@vrp/config/Global.lua""","63C6BB156C7756D0DCFCEB86B31BF69100EB2EAFE37841574825F0F6389D04EC","UNVERIFIED"
"[scripts]/trunkchest","RUNTIME_EXTERNAL","True","start [scripts] [GROUP] line 43","fxmanifest.lua","3","0,01","0","0","False","""@vrp/config/Native.lua"", | ""@PolyZone/client.lua"", | ""@vrp/lib/Utils.lua"", | ""@vrp/config/Global.lua""","FE2FACFB8168E6FDD9D3BCFD6C4ECF788CFE19B526A2747B4230A8C9D330E2E8","UNVERIFIED"
"[scripts]/vehcontrol","RUNTIME_EXTERNAL","True","start [scripts] [GROUP] line 43","fxmanifest.lua","2","0,01","0","0","False","""@vrp/config/Native.lua"", | ""@PolyZone/client.lua"", | ""@vrp/lib/Utils.lua"",","81E3FB192384179F7C7C884243ECA86682258F208E3F25BB3CA1782EC8F8FC14","UNVERIFIED"
"[smartphone]/lb-phone","RUNTIME_EXTERNAL","True","ensure lb-phone [DIRECT] line 26","fxmanifest.lua","487","19,61","0","0","False","""@vrp/lib/Utils.lua"", | ""@oxmysql/lib/MySQL.lua"", | dependencies {","4A51380B05B900618396B02AE9D6FF3DBE886D18256673CCE1E1B2D22FD673C8","UNVERIFIED"
"[smartphone]/lb-phone-bank","RUNTIME_EXTERNAL","True","ensure lb-phone-bank [DIRECT] line 55","fxmanifest.lua","13","12,58","0","0","False","","655CFDE9E4237E5D7959806AC1DD68AE5352C50E65634523DD7FF794D4FEA8DD","UNVERIFIED"
"[smartphone]/loaf_lib","RUNTIME_EXTERNAL","True","ensure loaf_lib [DIRECT] line 17","fxmanifest.lua","22","0,04","0","0","False","","3724376ED3DEBDA8B33F56254344D7DA6A3A37919F5152DE5D9A5E498ED79429","UNVERIFIED"
"[system]/loading","RUNTIME_EXTERNAL","True","start [system] [GROUP] line 13","fxmanifest.lua","9","34,44","0","0","False","""@vrp/config/Global.lua"",","5E0A8E26AA5776B97B0DD03327F4BC3CA472DFC097F056956E24915ABD90133A","UNVERIFIED"
"[system]/mugshot","RUNTIME_EXTERNAL","True","start [system] [GROUP] line 13","fxmanifest.lua","9","3,44","0","0","False","","3014F8B454232C1368A3AABBF1FCDAC1C4910480AFD0A2C5B6DDC5333730F90D","UNVERIFIED"
"[system]/ox_lib","RUNTIME_EXTERNAL","True","start [system] [GROUP] line 13","fxmanifest.lua","150","6,5","0","0","False","dependencies {","F42CB6D81B94C6F3B088ABC72BA280F29F0E06E715C46ADC0011E0CE84F17A28","UNVERIFIED"
"[system]/oxmysql","RUNTIME_EXTERNAL","True","start [system] [GROUP] line 13","fxmanifest.lua","3","1,61","0","0","False","dependencies {","8C74215465288E15C166B97350E8E644BAAB2E6D372C6300EA7FA08FD2C9D583","UNVERIFIED"
"[system]/pma-voice","RUNTIME_EXTERNAL","True","start [system] [GROUP] line 13","fxmanifest.lua","23","0,68","0","0","False","""@vrp/config/Native.lua"", | ""@PolyZone/client.lua"", | ""@vrp/lib/Utils.lua"",","9975A7F0AED1E64033CCBF06D9AC5DD965A4E28661B617C07655365107213AAE","UNVERIFIED"
"[system]/PolyZone","RUNTIME_EXTERNAL","True","start [system] [GROUP] line 13","fxmanifest.lua","14","0,05","0","0","False","","6963E97194E47142BEB77876A0658E85990BFA6AAB2F45EC8DE56883EEB95D0E","UNVERIFIED"
"[system]/screenshot-basic","RUNTIME_EXTERNAL","True","start [system] [GROUP] line 13","fxmanifest.lua","5","2,4","0","0","False","","45C0A01647BC89D3E8CD381B60631CBA58023FD554AF8F5D5A6EDFABD784F7E5","UNVERIFIED"
"[system]/sessionmanager","RUNTIME_EXTERNAL","True","start [system] [GROUP] line 13","fxmanifest.lua","3","0","0","0","False","","36603B474AA16085295F368F7D73CB8D0BD6802BA426ABF81DD5BF3508E3DA86","UNVERIFIED"
"[system]/sounds","RUNTIME_EXTERNAL","True","start [system] [GROUP] line 13","fxmanifest.lua","17","0,91","0","0","False","""@vrp/config/Native.lua"", | ""@PolyZone/client.lua"", | ""@vrp/lib/Utils.lua"",","165A8B2229DB91B1A63D502DC655D22CAF814EAD567494A7F359F9F648EE5097","UNVERIFIED"
"[vehicles]/1016urus","INCOMPLETE_NO_MANIFEST","True","start [vehicles] [GROUP] line 36","","6","28,34","0","0","False","","14EFAEC4FD8F3F507CFE23C4AD2BD9DBB02C316C945722BF4C2956801B44266A","UNVERIFIED"
"[vehicles]/2f2fgtr34","INCOMPLETE_NO_MANIFEST","True","start [vehicles] [GROUP] line 36","","7","14,71","0","0","False","","D6C81CF29BCE2EF28C3342D12087C04D5FD1A750A95FCEE71D2EDC06487F4EE1","UNVERIFIED"
"[vehicles]/d7club8","RUNTIME_EXTERNAL","True","start [vehicles] [GROUP] line 36","fxmanifest.lua","36","10,83","29","10,78","False","","86B4142461468AC11ECC0AFDB01C2474990982286CC544F655D87BDA165BA855","UNVERIFIED"
"[vehicles]/golgl","RUNTIME_EXTERNAL","True","start [vehicles] [GROUP] line 36","fxmanifest.lua","9","13,96","3","13,92","False","","964971E03B495122640A0C87FBE915F413F4D0DB0431809CFD4C758178603C97","UNVERIFIED"
"[vehicles]/of_broom_proxy","TRACKED_SOURCE_EXTERNAL_ASSETS","True","start [vehicles] [GROUP] line 36","fxmanifest.lua","9","0,57","3","0,56","True","","FFAF3C850A8AB9533F2B2D014F8151DF5DDCD4C4FE27299D35888EBBB882100B","UNVERIFIED"
"[vehicles]/of_carros_standard","RUNTIME_EXTERNAL","True","start [vehicles] [GROUP] line 36","fxmanifest.lua","75","113,08","48","112,56","False","","B81E1F4025D3761EBED973703019311C56E1B3F1704D89EFC5CCDA0C4983E524","UNVERIFIED"
"[vehicles]/of_magic_broom","TRACKED_SOURCE_EXTERNAL_ASSETS","True","start [vehicles] [GROUP] line 36","fxmanifest.lua","8","0,56","3","0,56","True","","82457CF64A96C275E64609BCB6FF0AA580AAE1B1A561C2014EF2A77690C6CF15","UNVERIFIED"
"[vehicles]/tmfiatunot","RUNTIME_EXTERNAL","True","start [vehicles] [GROUP] line 36","fxmanifest.lua","9","17,37","3","17,35","False","","8122C1DF7571657A1EE908B82EB39FA6A3B60B48DDBC98CB88B0FD48B9BB7C70","UNVERIFIED"
"[vehicles]/vehicleAll","RUNTIME_EXTERNAL","True","start [vehicles] [GROUP] line 36","fxmanifest.lua","938","1392,5","863","1307,05","False","shared_script '@likizao_ac/client/library.lua'","337E9C420FA9F1BB66139F6F7C47D69254236C5535A793CF830FA4893DA679F2","UNVERIFIED"
"[vehicles]/vehiclesBennys","RUNTIME_EXTERNAL","True","start [vehicles] [GROUP] line 36","fxmanifest.lua","22","43,37","6","43,21","False","","E64AF585AB27C522B24DCEC992741637D64BF836A8DC605FF8CA6DEDA658504A","UNVERIFIED"
"[vehicles]/vehiclesHospital","TRACKED_SOURCE_EXTERNAL_ASSETS","True","start [vehicles] [GROUP] line 36","fxmanifest.lua","13","34,42","8","34,33","True","shared_script ""@ThnAC/natives.lua""","986D0493F4EC84B8D008BFA10AC6C6BEED7CA5A7F58D64252971B42049B460F9","UNVERIFIED"
"[vehicles]/vehiclesPolice","TRACKED_SOURCE_EXTERNAL_ASSETS","True","start [vehicles] [GROUP] line 36","fxmanifest.lua","61","199,66","24","199,39","True","client_script ""@vrp/lib/lib.lua"" --Para remover esta pendencia de todos scripts, execute no console o comando ""uninstall""","7D0407541D4C6FFA6D65D28232B500DA4499E958051C10596F406443F7507452","UNVERIFIED"
"[vehicles]/veiculosvip","RUNTIME_EXTERNAL","True","start [vehicles] [GROUP] line 36","fxmanifest.lua","1764","2098,67","925","1908,17","False","shared_script ""@ThnAC/natives.lua"" | shared_script ""@vrp/lib/lib.lua"" --Para remover esta pendencia de todos scripts, execute no console o comando ""uninstall""","D045D36D7166333010594462BE6BE68F9F7CE3710867DD774F0EC236A737EFA5","UNVERIFIED"
"[weapons]/WEAPON_BRICK","RUNTIME_EXTERNAL","True","start [weapons] [GROUP] line 31","fxmanifest.lua","8","0,26","3","0,24","False","","107C74931ED771364282B7585B8D4AAD432FA81486C424B8C38B7CFB7BB90DDD","UNVERIFIED"
"[weapons]/WEAPON_KATANA","RUNTIME_EXTERNAL","True","start [weapons] [GROUP] line 31","fxmanifest.lua","14","3,2","8","3,17","False","","428C736BC1567500BD697491F4ADDA5ED6FB577CA2E83E876DE9402C5D90F748","UNVERIFIED"
"[weapons]/WEAPON_METAS","RUNTIME_EXTERNAL","True","start [weapons] [GROUP] line 31","fxmanifest.lua","40","1,47","0","0","False","","8376F644AA21B119C4D6299A596C9E22D32F228E10278C8D324BFC0D6ADF1835","UNVERIFIED"
"[weapons]/WEAPON_SHOES","RUNTIME_EXTERNAL","True","start [weapons] [GROUP] line 31","fxmanifest.lua","8","0,11","3","0,09","False","","EAE9F6BBED75BBDB1283FA4B84FC7473D03C4B5B3CDD6F461D0DBEBF664BBF57","UNVERIFIED"
"[weapons]/WEAPON_SKINS","RUNTIME_EXTERNAL","True","start [weapons] [GROUP] line 31","fxmanifest.lua","12","27,17","9","27,17","False","","6A892846C8A9A68B192BEA43085B2938F4E7DAC2C5FF86E4754B8E6D122031F8","UNVERIFIED"
"af_clean_world","TRACKED_SOURCE","True","ensure af_clean_world [DIRECT] line 71","fxmanifest.lua","5","0","0","0","True","","7A9C5B17742C957DF9160EBD7AC410A8C7F48822E67775C8BAF8D7D75A335B20","UNVERIFIED"
"af_hospital_cura","TRACKED_SOURCE","True","ensure af_hospital_cura [DIRECT] line 79","fxmanifest.lua","4","0,01","0","0","True","","02E7D5D259813C8C50AD4700A7D5718E0EED34D740DA649586F2BFF89ADEA60E","UNVERIFIED"
"af_hpsamu","RUNTIME_EXTERNAL","True","ensure af_hpsamu [DIRECT] line 62","fxmanifest.lua","180","62,64","178","62,64","False","","0C347AC0EAA86E2BFA229C3C3AC52A48E702E9954F759C35E011EF0927C440E1","UNVERIFIED"
"af_live_events","TRACKED_SOURCE","True","ensure af_live_events [DIRECT] line 70","fxmanifest.lua","5","0,02","0","0","True","","38028B3E92487F7D0CB996BDF086B53D5D1DC070F70D9F0CDCBCF68FC8943958","UNVERIFIED"
"af_map_blips","TRACKED_SOURCE","True","ensure af_map_blips [DIRECT] line 74","fxmanifest.lua","6","0,05","0","0","True","","7971482AB5CCC8C0B498FFF869F36772982D8046ADF4FC15214A687F7C16895B","UNVERIFIED"
"af_menino_porteira","TRACKED_SOURCE_EXTERNAL_ASSETS","True","ensure af_menino_porteira [DIRECT] line 67","fxmanifest.lua","31","9,74","2","2,02","True","","DDBC257347244EA1062D29200D2CDA15E60FA4FADE30BCC56277BA8168EA2A52","UNVERIFIED"
"af_ofc","TRACKED_SOURCE","True","ensure af_ofc [DIRECT] line 76","fxmanifest.lua","8","0,08","0","0","True","dependencies { | ""@vrp/lib/Utils.lua"",","4E3B9500CEF1B58FC0697B50410BE798B4A77600555681E7293C2F7A1E556110","UNVERIFIED"
"af_ofc_fightclub","TRACKED_SOURCE_EXTERNAL_ASSETS","True","ensure af_ofc_fightclub [DIRECT] line 75","fxmanifest.lua","2","0","1","0","True","","000987FC8A1AB3C23EF69DDD532D3CD63FEF044CC5F93747B2FF6273DBB08877","UNVERIFIED"
"af_owner_panel","TRACKED_SOURCE","True","ensure af_owner_panel [DIRECT] line 72","fxmanifest.lua","11","0,24","0","0","True","shared_script ""@vrp/lib/Utils.lua"" | ""@vrp/config/Global.lua"", | ""@oxmysql/lib/MySQL.lua"",","279B3BBF3C4A6F0FB370EFE7870B62233679843F6C951DC379A784193803FB91","UNVERIFIED"
"af_starter_vehicle","TRACKED_SOURCE","True","ensure af_starter_vehicle [DIRECT] line 73","fxmanifest.lua","3","0","0","0","True","shared_script ""@vrp/lib/Utils.lua""","86BB21502B7798C258AF26E6883F2F5A503BB832602A415AFBE7B04A1687861C","UNVERIFIED"
"af_telao_asset","RUNTIME_EXTERNAL","True","ensure af_telao_asset [DIRECT] line 68","fxmanifest.lua","2","0","1","0","False","","F116F5814FE94F73BE0959741991E49399CD8DD39B2A259D6AA4969C09B5035A","UNVERIFIED"
"af_youtube_tv","TRACKED_SOURCE","True","ensure af_youtube_tv [DIRECT] line 69","fxmanifest.lua","14","0,21","0","0","True","dependency 'vrp' | '@vrp/lib/Utils.lua',","51249BA66A405CC2203E6CED16E64F92A6AF05D54007C03CAE0F21E49FE47762","UNVERIFIED"
"vrp","TRACKED_SOURCE","True","start vrp [DIRECT] line 25","fxmanifest.lua","422","3,99","0","0","True","","3EE13FB5D99B873CFBFA5148A46328B9A0A45300AB0460ABCA0360BD2A63A3A0","UNVERIFIED"
